,path,y
0,cats_dogs/train/dogs/dog.342.jpg,1
1,cats_dogs/train/cats/cat.661.jpg,0
2,cats_dogs/train/cats/cat.516.jpg,0
3,cats_dogs/train/dogs/dog.938.jpg,1
4,cats_dogs/train/cats/cat.224.jpg,0
5,cats_dogs/train/cats/cat.252.jpg,0
6,cats_dogs/train/dogs/dog.201.jpg,1
7,cats_dogs/train/dogs/dog.896.jpg,1
8,cats_dogs/train/dogs/dog.982.jpg,1
9,cats_dogs/train/dogs/dog.874.jpg,1
10,cats_dogs/train/dogs/dog.914.jpg,1
11,cats_dogs/train/dogs/dog.752.jpg,1
12,cats_dogs/train/cats/cat.563.jpg,0
13,cats_dogs/train/dogs/dog.646.jpg,1
14,cats_dogs/train/cats/cat.497.jpg,0
15,cats_dogs/train/dogs/dog.774.jpg,1
16,cats_dogs/train/cats/cat.115.jpg,0
17,cats_dogs/train/dogs/dog.33.jpg,1
18,cats_dogs/train/dogs/dog.114.jpg,1
19,cats_dogs/train/dogs/dog.298.jpg,1
20,cats_dogs/train/dogs/dog.669.jpg,1
21,cats_dogs/train/dogs/dog.953.jpg,1
22,cats_dogs/train/cats/cat.263.jpg,0
23,cats_dogs/train/dogs/dog.233.jpg,1
24,cats_dogs/train/cats/cat.835.jpg,0
25,cats_dogs/train/cats/cat.641.jpg,0
26,cats_dogs/train/dogs/dog.929.jpg,1
27,cats_dogs/train/dogs/dog.199.jpg,1
28,cats_dogs/train/dogs/dog.79.jpg,1
29,cats_dogs/train/cats/cat.832.jpg,0
30,cats_dogs/train/cats/cat.503.jpg,0
31,cats_dogs/train/cats/cat.135.jpg,0
32,cats_dogs/train/cats/cat.887.jpg,0
33,cats_dogs/train/cats/cat.791.jpg,0
34,cats_dogs/train/cats/cat.355.jpg,0
35,cats_dogs/train/cats/cat.668.jpg,0
36,cats_dogs/train/dogs/dog.566.jpg,1
37,cats_dogs/train/cats/cat.876.jpg,0
38,cats_dogs/train/dogs/dog.540.jpg,1
39,cats_dogs/train/dogs/dog.257.jpg,1
40,cats_dogs/train/cats/cat.920.jpg,0
41,cats_dogs/train/cats/cat.309.jpg,0
42,cats_dogs/train/dogs/dog.594.jpg,1
43,cats_dogs/train/cats/cat.87.jpg,0
44,cats_dogs/train/dogs/dog.325.jpg,1
45,cats_dogs/train/cats/cat.53.jpg,0
46,cats_dogs/train/cats/cat.546.jpg,0
47,cats_dogs/train/dogs/dog.307.jpg,1
48,cats_dogs/train/cats/cat.163.jpg,0
49,cats_dogs/train/cats/cat.825.jpg,0
50,cats_dogs/train/cats/cat.619.jpg,0
51,cats_dogs/train/cats/cat.154.jpg,0
52,cats_dogs/train/cats/cat.524.jpg,0
53,cats_dogs/train/dogs/dog.496.jpg,1
54,cats_dogs/train/dogs/dog.338.jpg,1
55,cats_dogs/train/cats/cat.188.jpg,0
56,cats_dogs/train/dogs/dog.380.jpg,1
57,cats_dogs/train/dogs/dog.746.jpg,1
58,cats_dogs/train/dogs/dog.77.jpg,1
59,cats_dogs/train/dogs/dog.793.jpg,1
60,cats_dogs/train/dogs/dog.352.jpg,1
61,cats_dogs/train/dogs/dog.427.jpg,1
62,cats_dogs/train/dogs/dog.396.jpg,1
63,cats_dogs/train/dogs/dog.714.jpg,1
64,cats_dogs/train/cats/cat.912.jpg,0
65,cats_dogs/train/dogs/dog.91.jpg,1
66,cats_dogs/train/cats/cat.51.jpg,0
67,cats_dogs/train/dogs/dog.54.jpg,1
68,cats_dogs/train/cats/cat.785.jpg,0
69,cats_dogs/train/cats/cat.605.jpg,0
70,cats_dogs/train/cats/cat.772.jpg,0
71,cats_dogs/train/dogs/dog.487.jpg,1
72,cats_dogs/train/dogs/dog.271.jpg,1
73,cats_dogs/train/dogs/dog.696.jpg,1
74,cats_dogs/train/dogs/dog.952.jpg,1
75,cats_dogs/train/cats/cat.124.jpg,0
76,cats_dogs/train/dogs/dog.627.jpg,1
77,cats_dogs/train/cats/cat.470.jpg,0
78,cats_dogs/train/dogs/dog.282.jpg,1
79,cats_dogs/train/dogs/dog.979.jpg,1
80,cats_dogs/train/cats/cat.491.jpg,0
81,cats_dogs/train/cats/cat.284.jpg,0
82,cats_dogs/train/cats/cat.157.jpg,0
83,cats_dogs/train/dogs/dog.421.jpg,1
84,cats_dogs/train/dogs/dog.398.jpg,1
85,cats_dogs/train/dogs/dog.250.jpg,1
86,cats_dogs/train/dogs/dog.225.jpg,1
87,cats_dogs/train/cats/cat.45.jpg,0
88,cats_dogs/train/dogs/dog.916.jpg,1
89,cats_dogs/train/dogs/dog.162.jpg,1
90,cats_dogs/train/cats/cat.342.jpg,0
91,cats_dogs/train/cats/cat.277.jpg,0
92,cats_dogs/train/dogs/dog.482.jpg,1
93,cats_dogs/train/cats/cat.681.jpg,0
94,cats_dogs/train/dogs/dog.801.jpg,1
95,cats_dogs/train/dogs/dog.147.jpg,1
96,cats_dogs/train/dogs/dog.628.jpg,1
97,cats_dogs/train/dogs/dog.261.jpg,1
98,cats_dogs/train/cats/cat.766.jpg,0
99,cats_dogs/train/cats/cat.990.jpg,0
100,cats_dogs/train/cats/cat.324.jpg,0
101,cats_dogs/train/dogs/dog.857.jpg,1
102,cats_dogs/train/cats/cat.565.jpg,0
103,cats_dogs/train/dogs/dog.459.jpg,1
104,cats_dogs/train/cats/cat.534.jpg,0
105,cats_dogs/train/cats/cat.463.jpg,0
106,cats_dogs/train/cats/cat.813.jpg,0
107,cats_dogs/train/dogs/dog.926.jpg,1
108,cats_dogs/train/cats/cat.924.jpg,0
109,cats_dogs/train/cats/cat.478.jpg,0
110,cats_dogs/train/dogs/dog.944.jpg,1
111,cats_dogs/train/dogs/dog.408.jpg,1
112,cats_dogs/train/cats/cat.573.jpg,0
113,cats_dogs/train/dogs/dog.294.jpg,1
114,cats_dogs/train/dogs/dog.930.jpg,1
115,cats_dogs/train/cats/cat.738.jpg,0
116,cats_dogs/train/cats/cat.654.jpg,0
117,cats_dogs/train/dogs/dog.941.jpg,1
118,cats_dogs/train/dogs/dog.153.jpg,1
119,cats_dogs/train/dogs/dog.172.jpg,1
120,cats_dogs/train/cats/cat.930.jpg,0
121,cats_dogs/train/cats/cat.648.jpg,0
122,cats_dogs/train/dogs/dog.670.jpg,1
123,cats_dogs/train/dogs/dog.958.jpg,1
124,cats_dogs/train/dogs/dog.81.jpg,1
125,cats_dogs/train/cats/cat.609.jpg,0
126,cats_dogs/train/dogs/dog.681.jpg,1
127,cats_dogs/train/dogs/dog.583.jpg,1
128,cats_dogs/train/dogs/dog.382.jpg,1
129,cats_dogs/train/dogs/dog.921.jpg,1
130,cats_dogs/train/dogs/dog.618.jpg,1
131,cats_dogs/train/cats/cat.928.jpg,0
132,cats_dogs/train/dogs/dog.803.jpg,1
133,cats_dogs/train/dogs/dog.134.jpg,1
134,cats_dogs/train/cats/cat.629.jpg,0
135,cats_dogs/train/dogs/dog.650.jpg,1
136,cats_dogs/train/dogs/dog.340.jpg,1
137,cats_dogs/train/cats/cat.482.jpg,0
138,cats_dogs/train/dogs/dog.157.jpg,1
139,cats_dogs/train/dogs/dog.393.jpg,1
140,cats_dogs/train/dogs/dog.950.jpg,1
141,cats_dogs/train/cats/cat.174.jpg,0
142,cats_dogs/train/dogs/dog.141.jpg,1
143,cats_dogs/train/cats/cat.2.jpg,0
144,cats_dogs/train/dogs/dog.702.jpg,1
145,cats_dogs/train/cats/cat.421.jpg,0
146,cats_dogs/train/dogs/dog.943.jpg,1
147,cats_dogs/train/dogs/dog.686.jpg,1
148,cats_dogs/train/dogs/dog.485.jpg,1
149,cats_dogs/train/dogs/dog.586.jpg,1
150,cats_dogs/train/dogs/dog.707.jpg,1
151,cats_dogs/train/dogs/dog.17.jpg,1
152,cats_dogs/train/cats/cat.34.jpg,0
153,cats_dogs/train/cats/cat.350.jpg,0
154,cats_dogs/train/dogs/dog.593.jpg,1
155,cats_dogs/train/dogs/dog.954.jpg,1
156,cats_dogs/train/dogs/dog.472.jpg,1
157,cats_dogs/train/cats/cat.71.jpg,0
158,cats_dogs/train/dogs/dog.726.jpg,1
159,cats_dogs/train/dogs/dog.719.jpg,1
160,cats_dogs/train/cats/cat.84.jpg,0
161,cats_dogs/train/cats/cat.549.jpg,0
162,cats_dogs/train/dogs/dog.51.jpg,1
163,cats_dogs/train/cats/cat.582.jpg,0
164,cats_dogs/train/cats/cat.893.jpg,0
165,cats_dogs/train/dogs/dog.156.jpg,1
166,cats_dogs/train/dogs/dog.318.jpg,1
167,cats_dogs/train/cats/cat.331.jpg,0
168,cats_dogs/train/dogs/dog.394.jpg,1
169,cats_dogs/train/dogs/dog.377.jpg,1
170,cats_dogs/train/cats/cat.961.jpg,0
171,cats_dogs/train/cats/cat.483.jpg,0
172,cats_dogs/train/dogs/dog.804.jpg,1
173,cats_dogs/train/dogs/dog.843.jpg,1
174,cats_dogs/train/dogs/dog.901.jpg,1
175,cats_dogs/train/dogs/dog.316.jpg,1
176,cats_dogs/train/dogs/dog.994.jpg,1
177,cats_dogs/train/dogs/dog.511.jpg,1
178,cats_dogs/train/cats/cat.88.jpg,0
179,cats_dogs/train/cats/cat.707.jpg,0
180,cats_dogs/train/dogs/dog.122.jpg,1
181,cats_dogs/train/dogs/dog.158.jpg,1
182,cats_dogs/train/dogs/dog.820.jpg,1
183,cats_dogs/train/dogs/dog.727.jpg,1
184,cats_dogs/train/cats/cat.273.jpg,0
185,cats_dogs/train/cats/cat.923.jpg,0
186,cats_dogs/train/cats/cat.151.jpg,0
187,cats_dogs/train/dogs/dog.509.jpg,1
188,cats_dogs/train/dogs/dog.775.jpg,1
189,cats_dogs/train/dogs/dog.84.jpg,1
190,cats_dogs/train/cats/cat.795.jpg,0
191,cats_dogs/train/cats/cat.317.jpg,0
192,cats_dogs/train/cats/cat.210.jpg,0
193,cats_dogs/train/dogs/dog.120.jpg,1
194,cats_dogs/train/cats/cat.853.jpg,0
195,cats_dogs/train/dogs/dog.269.jpg,1
196,cats_dogs/train/cats/cat.322.jpg,0
197,cats_dogs/train/cats/cat.851.jpg,0
198,cats_dogs/train/dogs/dog.348.jpg,1
199,cats_dogs/train/dogs/dog.119.jpg,1
200,cats_dogs/train/dogs/dog.436.jpg,1
201,cats_dogs/train/dogs/dog.302.jpg,1
202,cats_dogs/train/cats/cat.510.jpg,0
203,cats_dogs/train/cats/cat.384.jpg,0
204,cats_dogs/train/cats/cat.18.jpg,0
205,cats_dogs/train/dogs/dog.243.jpg,1
206,cats_dogs/train/cats/cat.712.jpg,0
207,cats_dogs/train/dogs/dog.606.jpg,1
208,cats_dogs/train/cats/cat.111.jpg,0
209,cats_dogs/train/dogs/dog.533.jpg,1
210,cats_dogs/train/cats/cat.561.jpg,0
211,cats_dogs/train/cats/cat.594.jpg,0
212,cats_dogs/train/dogs/dog.652.jpg,1
213,cats_dogs/train/dogs/dog.169.jpg,1
214,cats_dogs/train/dogs/dog.236.jpg,1
215,cats_dogs/train/dogs/dog.72.jpg,1
216,cats_dogs/train/dogs/dog.220.jpg,1
217,cats_dogs/train/dogs/dog.572.jpg,1
218,cats_dogs/train/dogs/dog.621.jpg,1
219,cats_dogs/train/dogs/dog.272.jpg,1
220,cats_dogs/train/dogs/dog.235.jpg,1
221,cats_dogs/train/cats/cat.769.jpg,0
222,cats_dogs/train/cats/cat.378.jpg,0
223,cats_dogs/train/cats/cat.728.jpg,0
224,cats_dogs/train/cats/cat.625.jpg,0
225,cats_dogs/train/cats/cat.727.jpg,0
226,cats_dogs/train/dogs/dog.60.jpg,1
227,cats_dogs/train/dogs/dog.249.jpg,1
228,cats_dogs/train/dogs/dog.89.jpg,1
229,cats_dogs/train/cats/cat.19.jpg,0
230,cats_dogs/train/dogs/dog.121.jpg,1
231,cats_dogs/train/dogs/dog.363.jpg,1
232,cats_dogs/train/dogs/dog.829.jpg,1
233,cats_dogs/train/cats/cat.552.jpg,0
234,cats_dogs/train/cats/cat.646.jpg,0
235,cats_dogs/train/dogs/dog.218.jpg,1
236,cats_dogs/train/dogs/dog.142.jpg,1
237,cats_dogs/train/cats/cat.730.jpg,0
238,cats_dogs/train/dogs/dog.59.jpg,1
239,cats_dogs/train/dogs/dog.553.jpg,1
240,cats_dogs/train/cats/cat.946.jpg,0
241,cats_dogs/train/dogs/dog.951.jpg,1
242,cats_dogs/train/cats/cat.577.jpg,0
243,cats_dogs/train/cats/cat.512.jpg,0
244,cats_dogs/train/dogs/dog.437.jpg,1
245,cats_dogs/train/dogs/dog.671.jpg,1
246,cats_dogs/train/cats/cat.871.jpg,0
247,cats_dogs/train/dogs/dog.425.jpg,1
248,cats_dogs/train/dogs/dog.647.jpg,1
249,cats_dogs/train/cats/cat.414.jpg,0
250,cats_dogs/train/cats/cat.883.jpg,0
251,cats_dogs/train/dogs/dog.812.jpg,1
252,cats_dogs/train/dogs/dog.701.jpg,1
253,cats_dogs/train/dogs/dog.286.jpg,1
254,cats_dogs/train/dogs/dog.58.jpg,1
255,cats_dogs/train/dogs/dog.136.jpg,1
256,cats_dogs/train/dogs/dog.883.jpg,1
257,cats_dogs/train/dogs/dog.288.jpg,1
258,cats_dogs/train/cats/cat.515.jpg,0
259,cats_dogs/train/dogs/dog.600.jpg,1
260,cats_dogs/train/dogs/dog.69.jpg,1
261,cats_dogs/train/cats/cat.919.jpg,0
262,cats_dogs/train/cats/cat.442.jpg,0
263,cats_dogs/train/cats/cat.272.jpg,0
264,cats_dogs/train/dogs/dog.86.jpg,1
265,cats_dogs/train/dogs/dog.190.jpg,1
266,cats_dogs/train/dogs/dog.589.jpg,1
267,cats_dogs/train/dogs/dog.732.jpg,1
268,cats_dogs/train/dogs/dog.728.jpg,1
269,cats_dogs/train/dogs/dog.554.jpg,1
270,cats_dogs/train/cats/cat.242.jpg,0
271,cats_dogs/train/cats/cat.523.jpg,0
272,cats_dogs/train/cats/cat.74.jpg,0
273,cats_dogs/train/cats/cat.745.jpg,0
274,cats_dogs/train/cats/cat.12.jpg,0
275,cats_dogs/train/dogs/dog.927.jpg,1
276,cats_dogs/train/dogs/dog.319.jpg,1
277,cats_dogs/train/cats/cat.319.jpg,0
278,cats_dogs/train/dogs/dog.44.jpg,1
279,cats_dogs/train/cats/cat.227.jpg,0
280,cats_dogs/train/dogs/dog.972.jpg,1
281,cats_dogs/train/dogs/dog.322.jpg,1
282,cats_dogs/train/cats/cat.369.jpg,0
283,cats_dogs/train/cats/cat.711.jpg,0
284,cats_dogs/train/dogs/dog.462.jpg,1
285,cats_dogs/train/dogs/dog.868.jpg,1
286,cats_dogs/train/dogs/dog.492.jpg,1
287,cats_dogs/train/dogs/dog.497.jpg,1
288,cats_dogs/train/dogs/.ipynb_checkpoints,1
289,cats_dogs/train/cats/cat.913.jpg,0
290,cats_dogs/train/cats/cat.377.jpg,0
291,cats_dogs/train/cats/cat.127.jpg,0
292,cats_dogs/train/dogs/dog.476.jpg,1
293,cats_dogs/train/dogs/dog.631.jpg,1
294,cats_dogs/train/dogs/dog.739.jpg,1
295,cats_dogs/train/cats/cat.112.jpg,0
296,cats_dogs/train/cats/cat.680.jpg,0
297,cats_dogs/train/dogs/dog.76.jpg,1
298,cats_dogs/train/dogs/dog.641.jpg,1
299,cats_dogs/train/cats/cat.287.jpg,0
300,cats_dogs/train/dogs/dog.760.jpg,1
301,cats_dogs/train/cats/cat.49.jpg,0
302,cats_dogs/train/cats/cat.579.jpg,0
303,cats_dogs/train/cats/cat.397.jpg,0
304,cats_dogs/train/cats/cat.441.jpg,0
305,cats_dogs/train/dogs/dog.428.jpg,1
306,cats_dogs/train/cats/cat.451.jpg,0
307,cats_dogs/train/dogs/dog.111.jpg,1
308,cats_dogs/train/dogs/dog.908.jpg,1
309,cats_dogs/train/dogs/dog.229.jpg,1
310,cats_dogs/train/dogs/dog.297.jpg,1
311,cats_dogs/train/dogs/dog.161.jpg,1
312,cats_dogs/train/dogs/dog.691.jpg,1
313,cats_dogs/train/dogs/dog.902.jpg,1
314,cats_dogs/train/cats/cat.153.jpg,0
315,cats_dogs/train/dogs/dog.551.jpg,1
316,cats_dogs/train/cats/cat.616.jpg,0
317,cats_dogs/train/cats/cat.35.jpg,0
318,cats_dogs/train/dogs/dog.844.jpg,1
319,cats_dogs/train/dogs/dog.453.jpg,1
320,cats_dogs/train/cats/cat.209.jpg,0
321,cats_dogs/train/dogs/dog.882.jpg,1
322,cats_dogs/train/cats/cat.348.jpg,0
323,cats_dogs/train/dogs/dog.2.jpg,1
324,cats_dogs/train/dogs/dog.568.jpg,1
325,cats_dogs/train/cats/cat.247.jpg,0
326,cats_dogs/train/dogs/dog.712.jpg,1
327,cats_dogs/train/dogs/dog.576.jpg,1
328,cats_dogs/train/cats/cat.250.jpg,0
329,cats_dogs/train/cats/cat.953.jpg,0
330,cats_dogs/train/dogs/dog.98.jpg,1
331,cats_dogs/train/cats/cat.944.jpg,0
332,cats_dogs/train/cats/cat.993.jpg,0
333,cats_dogs/train/dogs/dog.165.jpg,1
334,cats_dogs/train/dogs/dog.867.jpg,1
335,cats_dogs/train/dogs/dog.957.jpg,1
336,cats_dogs/train/dogs/dog.731.jpg,1
337,cats_dogs/train/cats/cat.231.jpg,0
338,cats_dogs/train/dogs/dog.28.jpg,1
339,cats_dogs/train/cats/cat.310.jpg,0
340,cats_dogs/train/cats/cat.922.jpg,0
341,cats_dogs/train/cats/cat.950.jpg,0
342,cats_dogs/train/dogs/dog.845.jpg,1
343,cats_dogs/train/dogs/dog.973.jpg,1
344,cats_dogs/train/cats/cat.424.jpg,0
345,cats_dogs/train/cats/cat.822.jpg,0
346,cats_dogs/train/dogs/dog.226.jpg,1
347,cats_dogs/train/cats/cat.363.jpg,0
348,cats_dogs/train/cats/cat.858.jpg,0
349,cats_dogs/train/dogs/dog.295.jpg,1
350,cats_dogs/train/cats/cat.653.jpg,0
351,cats_dogs/train/cats/cat.717.jpg,0
352,cats_dogs/train/dogs/dog.268.jpg,1
353,cats_dogs/train/dogs/dog.376.jpg,1
354,cats_dogs/train/cats/cat.24.jpg,0
355,cats_dogs/train/dogs/dog.465.jpg,1
356,cats_dogs/train/cats/cat.119.jpg,0
357,cats_dogs/train/cats/cat.794.jpg,0
358,cats_dogs/train/cats/cat.204.jpg,0
359,cats_dogs/train/dogs/dog.743.jpg,1
360,cats_dogs/train/dogs/dog.543.jpg,1
361,cats_dogs/train/cats/cat.775.jpg,0
362,cats_dogs/train/dogs/dog.965.jpg,1
363,cats_dogs/train/dogs/dog.457.jpg,1
364,cats_dogs/train/cats/cat.846.jpg,0
365,cats_dogs/train/dogs/dog.361.jpg,1
366,cats_dogs/train/dogs/dog.231.jpg,1
367,cats_dogs/train/dogs/dog.30.jpg,1
368,cats_dogs/train/dogs/dog.625.jpg,1
369,cats_dogs/train/cats/cat.660.jpg,0
370,cats_dogs/train/dogs/dog.329.jpg,1
371,cats_dogs/train/cats/cat.26.jpg,0
372,cats_dogs/train/dogs/dog.807.jpg,1
373,cats_dogs/train/cats/cat.949.jpg,0
374,cats_dogs/train/cats/cat.816.jpg,0
375,cats_dogs/train/dogs/dog.414.jpg,1
376,cats_dogs/train/dogs/dog.353.jpg,1
377,cats_dogs/train/cats/cat.848.jpg,0
378,cats_dogs/train/cats/cat.101.jpg,0
379,cats_dogs/train/cats/cat.401.jpg,0
380,cats_dogs/train/cats/cat.649.jpg,0
381,cats_dogs/train/cats/cat.261.jpg,0
382,cats_dogs/train/cats/cat.591.jpg,0
383,cats_dogs/train/dogs/dog.833.jpg,1
384,cats_dogs/train/cats/cat.955.jpg,0
385,cats_dogs/train/dogs/dog.761.jpg,1
386,cats_dogs/train/cats/cat.61.jpg,0
387,cats_dogs/train/cats/cat.31.jpg,0
388,cats_dogs/train/cats/cat.148.jpg,0
389,cats_dogs/train/dogs/dog.242.jpg,1
390,cats_dogs/train/dogs/dog.853.jpg,1
391,cats_dogs/train/cats/cat.720.jpg,0
392,cats_dogs/train/cats/cat.826.jpg,0
393,cats_dogs/train/cats/cat.840.jpg,0
394,cats_dogs/train/cats/cat.114.jpg,0
395,cats_dogs/train/cats/cat.684.jpg,0
396,cats_dogs/train/cats/cat.511.jpg,0
397,cats_dogs/train/cats/cat.334.jpg,0
398,cats_dogs/train/cats/cat.856.jpg,0
399,cats_dogs/train/dogs/dog.666.jpg,1
400,cats_dogs/train/cats/cat.460.jpg,0
401,cats_dogs/train/cats/cat.94.jpg,0
402,cats_dogs/train/dogs/dog.717.jpg,1
403,cats_dogs/train/dogs/dog.880.jpg,1
404,cats_dogs/train/dogs/dog.168.jpg,1
405,cats_dogs/train/dogs/dog.387.jpg,1
406,cats_dogs/train/cats/cat.777.jpg,0
407,cats_dogs/train/cats/cat.132.jpg,0
408,cats_dogs/train/cats/cat.183.jpg,0
409,cats_dogs/train/dogs/dog.230.jpg,1
410,cats_dogs/train/cats/cat.58.jpg,0
411,cats_dogs/train/dogs/dog.429.jpg,1
412,cats_dogs/train/cats/cat.481.jpg,0
413,cats_dogs/train/cats/cat.267.jpg,0
414,cats_dogs/train/dogs/dog.800.jpg,1
415,cats_dogs/train/dogs/dog.637.jpg,1
416,cats_dogs/train/dogs/dog.822.jpg,1
417,cats_dogs/train/dogs/dog.547.jpg,1
418,cats_dogs/train/cats/cat.320.jpg,0
419,cats_dogs/train/dogs/dog.809.jpg,1
420,cats_dogs/train/cats/cat.79.jpg,0
421,cats_dogs/train/dogs/dog.642.jpg,1
422,cats_dogs/train/dogs/dog.668.jpg,1
423,cats_dogs/train/dogs/dog.370.jpg,1
424,cats_dogs/train/dogs/dog.776.jpg,1
425,cats_dogs/train/cats/cat.11.jpg,0
426,cats_dogs/train/dogs/dog.830.jpg,1
427,cats_dogs/train/cats/cat.965.jpg,0
428,cats_dogs/train/dogs/dog.484.jpg,1
429,cats_dogs/train/cats/cat.729.jpg,0
430,cats_dogs/train/cats/cat.337.jpg,0
431,cats_dogs/train/dogs/dog.676.jpg,1
432,cats_dogs/train/cats/cat.875.jpg,0
433,cats_dogs/train/dogs/dog.887.jpg,1
434,cats_dogs/train/cats/cat.333.jpg,0
435,cats_dogs/train/cats/cat.521.jpg,0
436,cats_dogs/train/cats/cat.368.jpg,0
437,cats_dogs/train/dogs/dog.99.jpg,1
438,cats_dogs/train/cats/cat.865.jpg,0
439,cats_dogs/train/dogs/dog.176.jpg,1
440,cats_dogs/train/cats/cat.644.jpg,0
441,cats_dogs/train/cats/cat.904.jpg,0
442,cats_dogs/train/dogs/dog.779.jpg,1
443,cats_dogs/train/cats/cat.898.jpg,0
444,cats_dogs/train/cats/cat.232.jpg,0
445,cats_dogs/train/cats/cat.338.jpg,0
446,cats_dogs/train/dogs/dog.411.jpg,1
447,cats_dogs/train/dogs/dog.689.jpg,1
448,cats_dogs/train/dogs/dog.431.jpg,1
449,cats_dogs/train/cats/cat.533.jpg,0
450,cats_dogs/train/cats/cat.417.jpg,0
451,cats_dogs/train/dogs/dog.93.jpg,1
452,cats_dogs/train/cats/cat.68.jpg,0
453,cats_dogs/train/dogs/dog.18.jpg,1
454,cats_dogs/train/cats/cat.750.jpg,0
455,cats_dogs/train/dogs/dog.662.jpg,1
456,cats_dogs/train/dogs/dog.100.jpg,1
457,cats_dogs/train/dogs/dog.946.jpg,1
458,cats_dogs/train/dogs/dog.718.jpg,1
459,cats_dogs/train/dogs/dog.626.jpg,1
460,cats_dogs/train/cats/cat.223.jpg,0
461,cats_dogs/train/dogs/dog.27.jpg,1
462,cats_dogs/train/dogs/dog.360.jpg,1
463,cats_dogs/train/dogs/dog.470.jpg,1
464,cats_dogs/train/cats/cat.843.jpg,0
465,cats_dogs/train/dogs/dog.451.jpg,1
466,cats_dogs/train/cats/cat.527.jpg,0
467,cats_dogs/train/cats/cat.942.jpg,0
468,cats_dogs/train/dogs/dog.617.jpg,1
469,cats_dogs/train/dogs/dog.386.jpg,1
470,cats_dogs/train/cats/cat.747.jpg,0
471,cats_dogs/train/cats/cat.416.jpg,0
472,cats_dogs/train/dogs/dog.494.jpg,1
473,cats_dogs/train/cats/cat.823.jpg,0
474,cats_dogs/train/dogs/dog.284.jpg,1
475,cats_dogs/train/dogs/dog.770.jpg,1
476,cats_dogs/train/dogs/dog.721.jpg,1
477,cats_dogs/train/cats/cat.553.jpg,0
478,cats_dogs/train/cats/cat.418.jpg,0
479,cats_dogs/train/cats/cat.765.jpg,0
480,cats_dogs/train/cats/cat.173.jpg,0
481,cats_dogs/train/cats/cat.184.jpg,0
482,cats_dogs/train/cats/cat.501.jpg,0
483,cats_dogs/train/dogs/dog.634.jpg,1
484,cats_dogs/train/cats/cat.686.jpg,0
485,cats_dogs/train/dogs/dog.988.jpg,1
486,cats_dogs/train/cats/cat.600.jpg,0
487,cats_dogs/train/dogs/dog.630.jpg,1
488,cats_dogs/train/dogs/dog.806.jpg,1
489,cats_dogs/train/cats/cat.406.jpg,0
490,cats_dogs/train/dogs/dog.188.jpg,1
491,cats_dogs/train/cats/cat.129.jpg,0
492,cats_dogs/train/cats/cat.522.jpg,0
493,cats_dogs/train/dogs/dog.335.jpg,1
494,cats_dogs/train/dogs/dog.528.jpg,1
495,cats_dogs/train/cats/cat.408.jpg,0
496,cats_dogs/train/dogs/dog.992.jpg,1
497,cats_dogs/train/dogs/dog.187.jpg,1
498,cats_dogs/train/dogs/dog.623.jpg,1
499,cats_dogs/train/dogs/dog.932.jpg,1
500,cats_dogs/train/cats/cat.16.jpg,0
501,cats_dogs/train/cats/cat.393.jpg,0
502,cats_dogs/train/cats/cat.100.jpg,0
503,cats_dogs/train/dogs/dog.900.jpg,1
504,cats_dogs/train/cats/cat.358.jpg,0
505,cats_dogs/train/cats/cat.485.jpg,0
506,cats_dogs/train/cats/cat.966.jpg,0
507,cats_dogs/train/dogs/dog.679.jpg,1
508,cats_dogs/train/dogs/dog.635.jpg,1
509,cats_dogs/train/cats/cat.721.jpg,0
510,cats_dogs/train/cats/cat.64.jpg,0
511,cats_dogs/train/dogs/dog.981.jpg,1
512,cats_dogs/train/dogs/dog.34.jpg,1
513,cats_dogs/train/cats/cat.14.jpg,0
514,cats_dogs/train/dogs/dog.224.jpg,1
515,cats_dogs/train/dogs/dog.898.jpg,1
516,cats_dogs/train/cats/cat.974.jpg,0
517,cats_dogs/train/dogs/dog.684.jpg,1
518,cats_dogs/train/dogs/dog.175.jpg,1
519,cats_dogs/train/cats/cat.574.jpg,0
520,cats_dogs/train/dogs/dog.777.jpg,1
521,cats_dogs/train/dogs/dog.968.jpg,1
522,cats_dogs/train/dogs/dog.798.jpg,1
523,cats_dogs/train/dogs/dog.674.jpg,1
524,cats_dogs/train/cats/cat.149.jpg,0
525,cats_dogs/train/dogs/dog.116.jpg,1
526,cats_dogs/train/dogs/dog.659.jpg,1
527,cats_dogs/train/cats/cat.696.jpg,0
528,cats_dogs/train/cats/cat.910.jpg,0
529,cats_dogs/train/cats/cat.155.jpg,0
530,cats_dogs/train/cats/cat.999.jpg,0
531,cats_dogs/train/cats/cat.864.jpg,0
532,cats_dogs/train/dogs/dog.13.jpg,1
533,cats_dogs/train/dogs/dog.7.jpg,1
534,cats_dogs/train/dogs/dog.837.jpg,1
535,cats_dogs/train/cats/cat.400.jpg,0
536,cats_dogs/train/cats/cat.778.jpg,0
537,cats_dogs/train/dogs/dog.346.jpg,1
538,cats_dogs/train/cats/cat.564.jpg,0
539,cats_dogs/train/dogs/dog.139.jpg,1
540,cats_dogs/train/dogs/dog.915.jpg,1
541,cats_dogs/train/dogs/dog.413.jpg,1
542,cats_dogs/train/cats/cat.165.jpg,0
543,cats_dogs/train/dogs/dog.518.jpg,1
544,cats_dogs/train/dogs/dog.948.jpg,1
545,cats_dogs/train/dogs/dog.366.jpg,1
546,cats_dogs/train/dogs/dog.426.jpg,1
547,cats_dogs/train/dogs/dog.88.jpg,1
548,cats_dogs/train/dogs/dog.173.jpg,1
549,cats_dogs/train/dogs/dog.891.jpg,1
550,cats_dogs/train/cats/cat.839.jpg,0
551,cats_dogs/train/dogs/dog.347.jpg,1
552,cats_dogs/train/dogs/dog.892.jpg,1
553,cats_dogs/train/cats/cat.178.jpg,0
554,cats_dogs/train/dogs/dog.247.jpg,1
555,cats_dogs/train/cats/cat.882.jpg,0
556,cats_dogs/train/cats/cat.253.jpg,0
557,cats_dogs/train/cats/cat.52.jpg,0
558,cats_dogs/train/cats/cat.215.jpg,0
559,cats_dogs/train/cats/cat.202.jpg,0
560,cats_dogs/train/dogs/dog.680.jpg,1
561,cats_dogs/train/dogs/dog.320.jpg,1
562,cats_dogs/train/cats/cat.134.jpg,0
563,cats_dogs/train/cats/cat.280.jpg,0
564,cats_dogs/train/dogs/dog.832.jpg,1
565,cats_dogs/train/cats/cat.677.jpg,0
566,cats_dogs/train/dogs/dog.934.jpg,1
567,cats_dogs/train/dogs/dog.525.jpg,1
568,cats_dogs/train/dogs/dog.392.jpg,1
569,cats_dogs/train/cats/cat.123.jpg,0
570,cats_dogs/train/dogs/dog.522.jpg,1
571,cats_dogs/train/dogs/dog.505.jpg,1
572,cats_dogs/train/dogs/dog.211.jpg,1
573,cats_dogs/train/dogs/dog.375.jpg,1
574,cats_dogs/train/cats/cat.162.jpg,0
575,cats_dogs/train/cats/cat.702.jpg,0
576,cats_dogs/train/dogs/dog.227.jpg,1
577,cats_dogs/train/dogs/dog.306.jpg,1
578,cats_dogs/train/dogs/dog.331.jpg,1
579,cats_dogs/train/dogs/dog.836.jpg,1
580,cats_dogs/train/dogs/dog.397.jpg,1
581,cats_dogs/train/cats/cat.307.jpg,0
582,cats_dogs/train/dogs/dog.819.jpg,1
583,cats_dogs/train/cats/cat.557.jpg,0
584,cats_dogs/train/cats/cat.862.jpg,0
585,cats_dogs/train/cats/cat.667.jpg,0
586,cats_dogs/train/cats/cat.243.jpg,0
587,cats_dogs/train/cats/cat.809.jpg,0
588,cats_dogs/train/cats/cat.461.jpg,0
589,cats_dogs/train/cats/cat.842.jpg,0
590,cats_dogs/train/cats/cat.208.jpg,0
591,cats_dogs/train/dogs/dog.315.jpg,1
592,cats_dogs/train/dogs/dog.151.jpg,1
593,cats_dogs/train/cats/cat.962.jpg,0
594,cats_dogs/train/dogs/dog.234.jpg,1
595,cats_dogs/train/cats/cat.221.jpg,0
596,cats_dogs/train/dogs/dog.192.jpg,1
597,cats_dogs/train/cats/cat.905.jpg,0
598,cats_dogs/train/cats/cat.200.jpg,0
599,cats_dogs/train/cats/cat.652.jpg,0
600,cats_dogs/train/dogs/dog.736.jpg,1
601,cats_dogs/train/cats/cat.987.jpg,0
602,cats_dogs/train/dogs/dog.324.jpg,1
603,cats_dogs/train/cats/cat.20.jpg,0
604,cats_dogs/train/cats/cat.994.jpg,0
605,cats_dogs/train/dogs/dog.354.jpg,1
606,cats_dogs/train/cats/cat.376.jpg,0
607,cats_dogs/train/cats/cat.395.jpg,0
608,cats_dogs/train/dogs/dog.909.jpg,1
609,cats_dogs/train/cats/cat.347.jpg,0
610,cats_dogs/train/dogs/dog.672.jpg,1
611,cats_dogs/train/cats/cat.656.jpg,0
612,cats_dogs/train/dogs/dog.333.jpg,1
613,cats_dogs/train/cats/cat.758.jpg,0
614,cats_dogs/train/dogs/dog.378.jpg,1
615,cats_dogs/train/cats/cat.364.jpg,0
616,cats_dogs/train/cats/cat.520.jpg,0
617,cats_dogs/train/cats/cat.108.jpg,0
618,cats_dogs/train/dogs/dog.379.jpg,1
619,cats_dogs/train/cats/cat.95.jpg,0
620,cats_dogs/train/dogs/dog.291.jpg,1
621,cats_dogs/train/cats/cat.694.jpg,0
622,cats_dogs/train/cats/cat.479.jpg,0
623,cats_dogs/train/dogs/dog.768.jpg,1
624,cats_dogs/train/dogs/dog.0.jpg,1
625,cats_dogs/train/dogs/dog.118.jpg,1
626,cats_dogs/train/cats/cat.136.jpg,0
627,cats_dogs/train/cats/cat.484.jpg,0
628,cats_dogs/train/dogs/dog.355.jpg,1
629,cats_dogs/train/dogs/dog.959.jpg,1
630,cats_dogs/train/dogs/dog.468.jpg,1
631,cats_dogs/train/dogs/dog.112.jpg,1
632,cats_dogs/train/dogs/dog.733.jpg,1
633,cats_dogs/train/dogs/dog.723.jpg,1
634,cats_dogs/train/cats/cat.226.jpg,0
635,cats_dogs/train/cats/cat.33.jpg,0
636,cats_dogs/train/dogs/dog.63.jpg,1
637,cats_dogs/train/dogs/dog.998.jpg,1
638,cats_dogs/train/dogs/dog.357.jpg,1
639,cats_dogs/train/cats/cat.353.jpg,0
640,cats_dogs/train/cats/cat.455.jpg,0
641,cats_dogs/train/cats/cat.57.jpg,0
642,cats_dogs/train/dogs/dog.983.jpg,1
643,cats_dogs/train/dogs/dog.197.jpg,1
644,cats_dogs/train/dogs/dog.805.jpg,1
645,cats_dogs/train/cats/cat.559.jpg,0
646,cats_dogs/train/cats/cat.445.jpg,0
647,cats_dogs/train/dogs/dog.273.jpg,1
648,cats_dogs/train/cats/cat.351.jpg,0
649,cats_dogs/train/dogs/dog.960.jpg,1
650,cats_dogs/train/cats/cat.398.jpg,0
651,cats_dogs/train/cats/cat.790.jpg,0
652,cats_dogs/train/dogs/dog.866.jpg,1
653,cats_dogs/train/cats/cat.66.jpg,0
654,cats_dogs/train/cats/cat.513.jpg,0
655,cats_dogs/train/dogs/dog.722.jpg,1
656,cats_dogs/train/dogs/dog.548.jpg,1
657,cats_dogs/train/dogs/dog.113.jpg,1
658,cats_dogs/train/dogs/dog.831.jpg,1
659,cats_dogs/train/cats/cat.158.jpg,0
660,cats_dogs/train/cats/cat.506.jpg,0
661,cats_dogs/train/cats/cat.199.jpg,0
662,cats_dogs/train/dogs/dog.356.jpg,1
663,cats_dogs/train/cats/cat.305.jpg,0
664,cats_dogs/train/cats/cat.86.jpg,0
665,cats_dogs/train/dogs/dog.498.jpg,1
666,cats_dogs/train/dogs/dog.423.jpg,1
667,cats_dogs/train/dogs/dog.532.jpg,1
668,cats_dogs/train/cats/cat.373.jpg,0
669,cats_dogs/train/cats/cat.907.jpg,0
670,cats_dogs/train/dogs/dog.595.jpg,1
671,cats_dogs/train/dogs/dog.463.jpg,1
672,cats_dogs/train/dogs/dog.128.jpg,1
673,cats_dogs/train/dogs/dog.922.jpg,1
674,cats_dogs/train/cats/cat.295.jpg,0
675,cats_dogs/train/cats/cat.444.jpg,0
676,cats_dogs/train/cats/cat.498.jpg,0
677,cats_dogs/train/cats/cat.836.jpg,0
678,cats_dogs/train/cats/cat.725.jpg,0
679,cats_dogs/train/cats/cat.954.jpg,0
680,cats_dogs/train/dogs/dog.289.jpg,1
681,cats_dogs/train/dogs/dog.878.jpg,1
682,cats_dogs/train/cats/cat.802.jpg,0
683,cats_dogs/train/dogs/dog.923.jpg,1
684,cats_dogs/train/dogs/dog.956.jpg,1
685,cats_dogs/train/cats/cat.767.jpg,0
686,cats_dogs/train/cats/cat.692.jpg,0
687,cats_dogs/train/dogs/dog.750.jpg,1
688,cats_dogs/train/dogs/dog.422.jpg,1
689,cats_dogs/train/cats/cat.191.jpg,0
690,cats_dogs/train/cats/cat.926.jpg,0
691,cats_dogs/train/cats/cat.891.jpg,0
692,cats_dogs/train/dogs/dog.185.jpg,1
693,cats_dogs/train/dogs/dog.56.jpg,1
694,cats_dogs/train/cats/cat.571.jpg,0
695,cats_dogs/train/cats/cat.318.jpg,0
696,cats_dogs/train/dogs/dog.32.jpg,1
697,cats_dogs/train/cats/cat.849.jpg,0
698,cats_dogs/train/cats/cat.635.jpg,0
699,cats_dogs/train/cats/cat.789.jpg,0
700,cats_dogs/train/cats/cat.933.jpg,0
701,cats_dogs/train/cats/cat.732.jpg,0
702,cats_dogs/train/dogs/dog.842.jpg,1
703,cats_dogs/train/cats/cat.139.jpg,0
704,cats_dogs/train/dogs/dog.149.jpg,1
705,cats_dogs/train/cats/cat.633.jpg,0
706,cats_dogs/train/dogs/dog.895.jpg,1
707,cats_dogs/train/cats/cat.548.jpg,0
708,cats_dogs/train/cats/cat.465.jpg,0
709,cats_dogs/train/cats/cat.688.jpg,0
710,cats_dogs/train/dogs/dog.461.jpg,1
711,cats_dogs/train/cats/cat.181.jpg,0
712,cats_dogs/train/cats/cat.291.jpg,0
713,cats_dogs/train/dogs/dog.685.jpg,1
714,cats_dogs/train/cats/cat.518.jpg,0
715,cats_dogs/train/cats/cat.971.jpg,0
716,cats_dogs/train/dogs/dog.68.jpg,1
717,cats_dogs/train/dogs/dog.886.jpg,1
718,cats_dogs/train/dogs/dog.986.jpg,1
719,cats_dogs/train/dogs/dog.447.jpg,1
720,cats_dogs/train/cats/cat.367.jpg,0
721,cats_dogs/train/cats/cat.786.jpg,0
722,cats_dogs/train/dogs/dog.48.jpg,1
723,cats_dogs/train/dogs/dog.196.jpg,1
724,cats_dogs/train/cats/cat.293.jpg,0
725,cats_dogs/train/cats/cat.855.jpg,0
726,cats_dogs/train/cats/cat.323.jpg,0
727,cats_dogs/train/dogs/dog.14.jpg,1
728,cats_dogs/train/cats/cat.480.jpg,0
729,cats_dogs/train/cats/cat.538.jpg,0
730,cats_dogs/train/cats/cat.804.jpg,0
731,cats_dogs/train/cats/cat.699.jpg,0
732,cats_dogs/train/dogs/dog.928.jpg,1
733,cats_dogs/train/dogs/dog.200.jpg,1
734,cats_dogs/train/cats/cat.743.jpg,0
735,cats_dogs/train/cats/cat.943.jpg,0
736,cats_dogs/train/cats/cat.850.jpg,0
737,cats_dogs/train/cats/cat.562.jpg,0
738,cats_dogs/train/cats/cat.831.jpg,0
739,cats_dogs/train/dogs/dog.317.jpg,1
740,cats_dogs/train/cats/cat.206.jpg,0
741,cats_dogs/train/cats/cat.359.jpg,0
742,cats_dogs/train/dogs/dog.764.jpg,1
743,cats_dogs/train/cats/cat.936.jpg,0
744,cats_dogs/train/cats/cat.170.jpg,0
745,cats_dogs/train/dogs/dog.417.jpg,1
746,cats_dogs/train/dogs/dog.907.jpg,1
747,cats_dogs/train/cats/cat.818.jpg,0
748,cats_dogs/train/dogs/dog.570.jpg,1
749,cats_dogs/train/cats/cat.339.jpg,0
750,cats_dogs/train/cats/cat.4.jpg,0
751,cats_dogs/train/dogs/dog.205.jpg,1
752,cats_dogs/train/cats/cat.22.jpg,0
753,cats_dogs/train/dogs/dog.995.jpg,1
754,cats_dogs/train/cats/cat.569.jpg,0
755,cats_dogs/train/dogs/dog.565.jpg,1
756,cats_dogs/train/cats/cat.40.jpg,0
757,cats_dogs/train/dogs/dog.705.jpg,1
758,cats_dogs/train/dogs/dog.785.jpg,1
759,cats_dogs/train/cats/cat.643.jpg,0
760,cats_dogs/train/dogs/dog.10.jpg,1
761,cats_dogs/train/dogs/dog.872.jpg,1
762,cats_dogs/train/dogs/dog.834.jpg,1
763,cats_dogs/train/cats/cat.13.jpg,0
764,cats_dogs/train/dogs/dog.947.jpg,1
765,cats_dogs/train/dogs/dog.984.jpg,1
766,cats_dogs/train/dogs/dog.400.jpg,1
767,cats_dogs/train/cats/cat.182.jpg,0
768,cats_dogs/train/cats/cat.956.jpg,0
769,cats_dogs/train/cats/cat.1.jpg,0
770,cats_dogs/train/dogs/dog.919.jpg,1
771,cats_dogs/train/dogs/dog.848.jpg,1
772,cats_dogs/train/cats/cat.301.jpg,0
773,cats_dogs/train/dogs/dog.70.jpg,1
774,cats_dogs/train/cats/cat.73.jpg,0
775,cats_dogs/train/cats/cat.947.jpg,0
776,cats_dogs/train/cats/cat.381.jpg,0
777,cats_dogs/train/dogs/dog.194.jpg,1
778,cats_dogs/train/dogs/dog.871.jpg,1
779,cats_dogs/train/cats/cat.294.jpg,0
780,cats_dogs/train/dogs/dog.799.jpg,1
781,cats_dogs/train/dogs/dog.253.jpg,1
782,cats_dogs/train/cats/cat.761.jpg,0
783,cats_dogs/train/dogs/dog.395.jpg,1
784,cats_dogs/train/dogs/dog.605.jpg,1
785,cats_dogs/train/cats/cat.17.jpg,0
786,cats_dogs/train/dogs/dog.766.jpg,1
787,cats_dogs/train/cats/cat.448.jpg,0
788,cats_dogs/train/dogs/dog.550.jpg,1
789,cats_dogs/train/cats/cat.409.jpg,0
790,cats_dogs/train/dogs/dog.204.jpg,1
791,cats_dogs/train/cats/cat.540.jpg,0
792,cats_dogs/train/dogs/dog.788.jpg,1
793,cats_dogs/train/cats/cat.194.jpg,0
794,cats_dogs/train/dogs/dog.179.jpg,1
795,cats_dogs/train/cats/cat.458.jpg,0
796,cats_dogs/train/dogs/dog.83.jpg,1
797,cats_dogs/train/cats/cat.597.jpg,0
798,cats_dogs/train/cats/cat.805.jpg,0
799,cats_dogs/train/cats/cat.741.jpg,0
800,cats_dogs/train/dogs/dog.599.jpg,1
801,cats_dogs/train/cats/cat.784.jpg,0
802,cats_dogs/train/dogs/dog.16.jpg,1
803,cats_dogs/train/cats/cat.764.jpg,0
804,cats_dogs/train/dogs/dog.222.jpg,1
805,cats_dogs/train/dogs/dog.738.jpg,1
806,cats_dogs/train/cats/cat.861.jpg,0
807,cats_dogs/train/dogs/dog.327.jpg,1
808,cats_dogs/train/cats/cat.900.jpg,0
809,cats_dogs/train/cats/cat.844.jpg,0
810,cats_dogs/train/dogs/dog.715.jpg,1
811,cats_dogs/train/dogs/dog.276.jpg,1
812,cats_dogs/train/cats/cat.168.jpg,0
813,cats_dogs/train/cats/cat.453.jpg,0
814,cats_dogs/train/cats/cat.150.jpg,0
815,cats_dogs/train/cats/cat.304.jpg,0
816,cats_dogs/train/dogs/dog.43.jpg,1
817,cats_dogs/train/dogs/dog.52.jpg,1
818,cats_dogs/train/cats/cat.788.jpg,0
819,cats_dogs/train/cats/cat.118.jpg,0
820,cats_dogs/train/dogs/dog.821.jpg,1
821,cats_dogs/train/cats/cat.817.jpg,0
822,cats_dogs/train/cats/cat.637.jpg,0
823,cats_dogs/train/cats/cat.973.jpg,0
824,cats_dogs/train/dogs/dog.695.jpg,1
825,cats_dogs/train/cats/cat.146.jpg,0
826,cats_dogs/train/dogs/dog.611.jpg,1
827,cats_dogs/train/cats/cat.918.jpg,0
828,cats_dogs/train/dogs/dog.825.jpg,1
829,cats_dogs/train/cats/cat.427.jpg,0
830,cats_dogs/train/dogs/dog.817.jpg,1
831,cats_dogs/train/dogs/dog.704.jpg,1
832,cats_dogs/train/cats/cat.32.jpg,0
833,cats_dogs/train/cats/cat.120.jpg,0
834,cats_dogs/train/dogs/dog.560.jpg,1
835,cats_dogs/train/cats/cat.145.jpg,0
836,cats_dogs/train/dogs/dog.563.jpg,1
837,cats_dogs/train/cats/cat.948.jpg,0
838,cats_dogs/train/dogs/dog.864.jpg,1
839,cats_dogs/train/dogs/dog.189.jpg,1
840,cats_dogs/train/cats/cat.166.jpg,0
841,cats_dogs/train/cats/cat.828.jpg,0
842,cats_dogs/train/dogs/dog.57.jpg,1
843,cats_dogs/train/cats/cat.634.jpg,0
844,cats_dogs/train/dogs/dog.622.jpg,1
845,cats_dogs/train/dogs/dog.549.jpg,1
846,cats_dogs/train/cats/cat.877.jpg,0
847,cats_dogs/train/cats/cat.869.jpg,0
848,cats_dogs/train/dogs/dog.87.jpg,1
849,cats_dogs/train/cats/cat.705.jpg,0
850,cats_dogs/train/dogs/dog.870.jpg,1
851,cats_dogs/train/dogs/dog.706.jpg,1
852,cats_dogs/train/dogs/dog.442.jpg,1
853,cats_dogs/train/cats/cat.995.jpg,0
854,cats_dogs/train/dogs/dog.709.jpg,1
855,cats_dogs/train/cats/cat.321.jpg,0
856,cats_dogs/train/cats/cat.929.jpg,0
857,cats_dogs/train/cats/cat.107.jpg,0
858,cats_dogs/train/cats/cat.175.jpg,0
859,cats_dogs/train/cats/cat.254.jpg,0
860,cats_dogs/train/cats/cat.669.jpg,0
861,cats_dogs/train/cats/cat.138.jpg,0
862,cats_dogs/train/dogs/dog.985.jpg,1
863,cats_dogs/train/cats/cat.121.jpg,0
864,cats_dogs/train/dogs/dog.481.jpg,1
865,cats_dogs/train/cats/cat.103.jpg,0
866,cats_dogs/train/cats/cat.698.jpg,0
867,cats_dogs/train/dogs/dog.368.jpg,1
868,cats_dogs/train/cats/cat.537.jpg,0
869,cats_dogs/train/cats/cat.131.jpg,0
870,cats_dogs/train/dogs/dog.512.jpg,1
871,cats_dogs/train/cats/cat.951.jpg,0
872,cats_dogs/train/dogs/dog.897.jpg,1
873,cats_dogs/train/cats/cat.454.jpg,0
874,cats_dogs/train/cats/cat.525.jpg,0
875,cats_dogs/train/dogs/dog.725.jpg,1
876,cats_dogs/train/cats/cat.734.jpg,0
877,cats_dogs/train/dogs/dog.778.jpg,1
878,cats_dogs/train/cats/cat.269.jpg,0
879,cats_dogs/train/dogs/dog.677.jpg,1
880,cats_dogs/train/dogs/dog.863.jpg,1
881,cats_dogs/train/cats/cat.860.jpg,0
882,cats_dogs/train/cats/cat.494.jpg,0
883,cats_dogs/train/cats/cat.260.jpg,0
884,cats_dogs/train/cats/cat.588.jpg,0
885,cats_dogs/train/cats/cat.630.jpg,0
886,cats_dogs/train/dogs/dog.780.jpg,1
887,cats_dogs/train/cats/cat.428.jpg,0
888,cats_dogs/train/cats/cat.412.jpg,0
889,cats_dogs/train/cats/cat.655.jpg,0
890,cats_dogs/train/cats/cat.90.jpg,0
891,cats_dogs/train/dogs/dog.232.jpg,1
892,cats_dogs/train/cats/cat.471.jpg,0
893,cats_dogs/train/cats/cat.405.jpg,0
894,cats_dogs/train/dogs/dog.996.jpg,1
895,cats_dogs/train/cats/cat.774.jpg,0
896,cats_dogs/train/cats/cat.187.jpg,0
897,cats_dogs/train/dogs/dog.140.jpg,1
898,cats_dogs/train/dogs/dog.35.jpg,1
899,cats_dogs/train/cats/cat.757.jpg,0
900,cats_dogs/train/dogs/dog.94.jpg,1
901,cats_dogs/train/cats/cat.237.jpg,0
902,cats_dogs/train/cats/cat.235.jpg,0
903,cats_dogs/train/dogs/dog.876.jpg,1
904,cats_dogs/train/dogs/dog.575.jpg,1
905,cats_dogs/train/cats/cat.647.jpg,0
906,cats_dogs/train/dogs/dog.403.jpg,1
907,cats_dogs/train/cats/cat.542.jpg,0
908,cats_dogs/train/cats/cat.330.jpg,0
909,cats_dogs/train/dogs/dog.402.jpg,1
910,cats_dogs/train/cats/cat.361.jpg,0
911,cats_dogs/train/cats/cat.744.jpg,0
912,cats_dogs/train/dogs/dog.82.jpg,1
913,cats_dogs/train/dogs/dog.991.jpg,1
914,cats_dogs/train/cats/cat.171.jpg,0
915,cats_dogs/train/cats/cat.587.jpg,0
916,cats_dogs/train/dogs/dog.613.jpg,1
917,cats_dogs/train/cats/cat.749.jpg,0
918,cats_dogs/train/dogs/dog.193.jpg,1
919,cats_dogs/train/dogs/dog.808.jpg,1
920,cats_dogs/train/cats/cat.991.jpg,0
921,cats_dogs/train/dogs/dog.559.jpg,1
922,cats_dogs/train/dogs/dog.502.jpg,1
923,cats_dogs/train/dogs/dog.697.jpg,1
924,cats_dogs/train/dogs/dog.614.jpg,1
925,cats_dogs/train/dogs/dog.449.jpg,1
926,cats_dogs/train/cats/cat.724.jpg,0
927,cats_dogs/train/dogs/dog.6.jpg,1
928,cats_dogs/train/dogs/dog.735.jpg,1
929,cats_dogs/train/cats/cat.837.jpg,0
930,cats_dogs/train/dogs/dog.978.jpg,1
931,cats_dogs/train/dogs/dog.933.jpg,1
932,cats_dogs/train/dogs/dog.25.jpg,1
933,cats_dogs/train/dogs/dog.254.jpg,1
934,cats_dogs/train/dogs/dog.755.jpg,1
935,cats_dogs/train/cats/cat.504.jpg,0
936,cats_dogs/train/dogs/dog.826.jpg,1
937,cats_dogs/train/cats/cat.628.jpg,0
938,cats_dogs/train/cats/cat.755.jpg,0
939,cats_dogs/train/cats/cat.545.jpg,0
940,cats_dogs/train/cats/cat.867.jpg,0
941,cats_dogs/train/dogs/dog.781.jpg,1
942,cats_dogs/train/cats/cat.507.jpg,0
943,cats_dogs/train/cats/cat.385.jpg,0
944,cats_dogs/train/dogs/dog.552.jpg,1
945,cats_dogs/train/dogs/dog.343.jpg,1
946,cats_dogs/train/cats/cat.797.jpg,0
947,cats_dogs/train/dogs/dog.125.jpg,1
948,cats_dogs/train/cats/cat.344.jpg,0
949,cats_dogs/train/cats/cat.673.jpg,0
950,cats_dogs/train/dogs/dog.515.jpg,1
951,cats_dogs/train/dogs/dog.127.jpg,1
952,cats_dogs/train/dogs/dog.53.jpg,1
953,cats_dogs/train/dogs/dog.362.jpg,1
954,cats_dogs/train/cats/cat.679.jpg,0
955,cats_dogs/train/dogs/dog.993.jpg,1
956,cats_dogs/train/dogs/dog.130.jpg,1
957,cats_dogs/train/dogs/dog.925.jpg,1
958,cats_dogs/train/dogs/dog.846.jpg,1
959,cats_dogs/train/cats/cat.890.jpg,0
960,cats_dogs/train/dogs/dog.415.jpg,1
961,cats_dogs/train/cats/cat.316.jpg,0
962,cats_dogs/train/cats/cat.449.jpg,0
963,cats_dogs/train/cats/cat.799.jpg,0
964,cats_dogs/train/cats/cat.128.jpg,0
965,cats_dogs/train/cats/cat.241.jpg,0
966,cats_dogs/train/dogs/dog.615.jpg,1
967,cats_dogs/train/cats/cat.270.jpg,0
968,cats_dogs/train/dogs/dog.221.jpg,1
969,cats_dogs/train/dogs/dog.918.jpg,1
970,cats_dogs/train/cats/cat.505.jpg,0
971,cats_dogs/train/cats/cat.806.jpg,0
972,cats_dogs/train/cats/cat.81.jpg,0
973,cats_dogs/train/dogs/dog.274.jpg,1
974,cats_dogs/train/cats/cat.672.jpg,0
975,cats_dogs/train/dogs/dog.129.jpg,1
976,cats_dogs/train/cats/cat.626.jpg,0
977,cats_dogs/train/dogs/dog.640.jpg,1
978,cats_dogs/train/dogs/dog.713.jpg,1
979,cats_dogs/train/cats/cat.624.jpg,0
980,cats_dogs/train/dogs/dog.747.jpg,1
981,cats_dogs/train/dogs/dog.716.jpg,1
982,cats_dogs/train/cats/cat.704.jpg,0
983,cats_dogs/train/dogs/dog.612.jpg,1
984,cats_dogs/train/cats/cat.28.jpg,0
985,cats_dogs/train/dogs/dog.663.jpg,1
986,cats_dogs/train/dogs/dog.240.jpg,1
987,cats_dogs/train/cats/cat.486.jpg,0
988,cats_dogs/train/cats/cat.608.jpg,0
989,cats_dogs/train/dogs/dog.144.jpg,1
990,cats_dogs/train/dogs/dog.541.jpg,1
991,cats_dogs/train/cats/cat.810.jpg,0
992,cats_dogs/train/dogs/dog.296.jpg,1
993,cats_dogs/train/cats/cat.325.jpg,0
994,cats_dogs/train/dogs/dog.555.jpg,1
995,cats_dogs/train/cats/cat.780.jpg,0
996,cats_dogs/train/dogs/dog.412.jpg,1
997,cats_dogs/train/dogs/dog.410.jpg,1
998,cats_dogs/train/dogs/dog.653.jpg,1
999,cats_dogs/train/dogs/dog.661.jpg,1
1000,cats_dogs/train/dogs/dog.219.jpg,1
1001,cats_dogs/train/cats/cat.54.jpg,0
1002,cats_dogs/train/dogs/dog.655.jpg,1
1003,cats_dogs/train/cats/cat.659.jpg,0
1004,cats_dogs/train/dogs/dog.92.jpg,1
1005,cats_dogs/train/cats/cat.72.jpg,0
1006,cats_dogs/train/dogs/dog.279.jpg,1
1007,cats_dogs/train/cats/cat.365.jpg,0
1008,cats_dogs/train/cats/cat.386.jpg,0
1009,cats_dogs/train/dogs/dog.608.jpg,1
1010,cats_dogs/train/cats/cat.383.jpg,0
1011,cats_dogs/train/cats/cat.109.jpg,0
1012,cats_dogs/train/cats/cat.244.jpg,0
1013,cats_dogs/train/dogs/dog.1.jpg,1
1014,cats_dogs/train/cats/cat.110.jpg,0
1015,cats_dogs/train/dogs/dog.542.jpg,1
1016,cats_dogs/train/dogs/dog.858.jpg,1
1017,cats_dogs/train/dogs/dog.124.jpg,1
1018,cats_dogs/train/cats/cat.394.jpg,0
1019,cats_dogs/train/dogs/dog.15.jpg,1
1020,cats_dogs/train/dogs/dog.531.jpg,1
1021,cats_dogs/train/dogs/dog.629.jpg,1
1022,cats_dogs/train/cats/cat.430.jpg,0
1023,cats_dogs/train/cats/cat.475.jpg,0
1024,cats_dogs/train/dogs/dog.912.jpg,1
1025,cats_dogs/train/dogs/dog.326.jpg,1
1026,cats_dogs/train/dogs/dog.435.jpg,1
1027,cats_dogs/train/dogs/dog.310.jpg,1
1028,cats_dogs/train/dogs/dog.452.jpg,1
1029,cats_dogs/train/dogs/dog.564.jpg,1
1030,cats_dogs/train/dogs/dog.539.jpg,1
1031,cats_dogs/train/cats/cat.217.jpg,0
1032,cats_dogs/train/dogs/dog.520.jpg,1
1033,cats_dogs/train/cats/cat.771.jpg,0
1034,cats_dogs/train/dogs/dog.823.jpg,1
1035,cats_dogs/train/dogs/dog.38.jpg,1
1036,cats_dogs/train/cats/cat.156.jpg,0
1037,cats_dogs/train/cats/cat.690.jpg,0
1038,cats_dogs/train/dogs/dog.486.jpg,1
1039,cats_dogs/train/cats/cat.105.jpg,0
1040,cats_dogs/train/cats/cat.963.jpg,0
1041,cats_dogs/train/dogs/dog.416.jpg,1
1042,cats_dogs/train/dogs/dog.216.jpg,1
1043,cats_dogs/train/cats/cat.410.jpg,0
1044,cats_dogs/train/dogs/dog.305.jpg,1
1045,cats_dogs/train/cats/cat.770.jpg,0
1046,cats_dogs/train/cats/cat.67.jpg,0
1047,cats_dogs/train/cats/cat.934.jpg,0
1048,cats_dogs/train/dogs/dog.293.jpg,1
1049,cats_dogs/train/dogs/dog.280.jpg,1
1050,cats_dogs/train/cats/cat.957.jpg,0
1051,cats_dogs/train/dogs/dog.287.jpg,1
1052,cats_dogs/train/cats/cat.300.jpg,0
1053,cats_dogs/train/cats/cat.285.jpg,0
1054,cats_dogs/train/dogs/dog.9.jpg,1
1055,cats_dogs/train/cats/cat.830.jpg,0
1056,cats_dogs/train/cats/cat.388.jpg,0
1057,cats_dogs/train/cats/cat.447.jpg,0
1058,cats_dogs/train/cats/cat.326.jpg,0
1059,cats_dogs/train/dogs/dog.39.jpg,1
1060,cats_dogs/train/dogs/dog.61.jpg,1
1061,cats_dogs/train/cats/cat.627.jpg,0
1062,cats_dogs/train/cats/cat.500.jpg,0
1063,cats_dogs/train/dogs/dog.791.jpg,1
1064,cats_dogs/train/dogs/dog.206.jpg,1
1065,cats_dogs/train/dogs/dog.75.jpg,1
1066,cats_dogs/train/dogs/dog.5.jpg,1
1067,cats_dogs/train/cats/cat.176.jpg,0
1068,cats_dogs/train/dogs/dog.166.jpg,1
1069,cats_dogs/train/cats/cat.391.jpg,0
1070,cats_dogs/train/dogs/dog.300.jpg,1
1071,cats_dogs/train/dogs/dog.143.jpg,1
1072,cats_dogs/train/cats/cat.276.jpg,0
1073,cats_dogs/train/cats/cat.467.jpg,0
1074,cats_dogs/train/dogs/dog.40.jpg,1
1075,cats_dogs/train/dogs/dog.123.jpg,1
1076,cats_dogs/train/cats/cat.814.jpg,0
1077,cats_dogs/train/dogs/dog.337.jpg,1
1078,cats_dogs/train/dogs/dog.3.jpg,1
1079,cats_dogs/train/cats/cat.606.jpg,0
1080,cats_dogs/train/cats/cat.589.jpg,0
1081,cats_dogs/train/dogs/dog.745.jpg,1
1082,cats_dogs/train/dogs/dog.506.jpg,1
1083,cats_dogs/train/dogs/dog.624.jpg,1
1084,cats_dogs/train/dogs/dog.579.jpg,1
1085,cats_dogs/train/dogs/dog.962.jpg,1
1086,cats_dogs/train/cats/cat.878.jpg,0
1087,cats_dogs/train/cats/cat.36.jpg,0
1088,cats_dogs/train/cats/cat.46.jpg,0
1089,cats_dogs/train/cats/cat.496.jpg,0
1090,cats_dogs/train/cats/cat.440.jpg,0
1091,cats_dogs/train/dogs/dog.815.jpg,1
1092,cats_dogs/train/dogs/dog.450.jpg,1
1093,cats_dogs/train/dogs/dog.514.jpg,1
1094,cats_dogs/train/dogs/dog.483.jpg,1
1095,cats_dogs/train/dogs/dog.155.jpg,1
1096,cats_dogs/train/cats/cat.884.jpg,0
1097,cats_dogs/train/cats/cat.902.jpg,0
1098,cats_dogs/train/dogs/dog.782.jpg,1
1099,cats_dogs/train/cats/cat.937.jpg,0
1100,cats_dogs/train/dogs/dog.255.jpg,1
1101,cats_dogs/train/cats/cat.845.jpg,0
1102,cats_dogs/train/cats/cat.514.jpg,0
1103,cats_dogs/train/cats/cat.952.jpg,0
1104,cats_dogs/train/dogs/dog.903.jpg,1
1105,cats_dogs/train/cats/cat.15.jpg,0
1106,cats_dogs/train/cats/cat.0.jpg,0
1107,cats_dogs/train/dogs/dog.448.jpg,1
1108,cats_dogs/train/cats/cat.917.jpg,0
1109,cats_dogs/train/cats/cat.97.jpg,0
1110,cats_dogs/train/cats/cat.415.jpg,0
1111,cats_dogs/train/dogs/dog.639.jpg,1
1112,cats_dogs/train/cats/cat.43.jpg,0
1113,cats_dogs/train/dogs/dog.332.jpg,1
1114,cats_dogs/train/cats/cat.207.jpg,0
1115,cats_dogs/train/dogs/dog.881.jpg,1
1116,cats_dogs/train/cats/cat.722.jpg,0
1117,cats_dogs/train/dogs/dog.999.jpg,1
1118,cats_dogs/train/cats/cat.62.jpg,0
1119,cats_dogs/train/cats/cat.607.jpg,0
1120,cats_dogs/train/cats/cat.663.jpg,0
1121,cats_dogs/train/cats/cat.927.jpg,0
1122,cats_dogs/train/dogs/dog.708.jpg,1
1123,cats_dogs/train/dogs/dog.884.jpg,1
1124,cats_dogs/train/dogs/dog.290.jpg,1
1125,cats_dogs/train/dogs/dog.292.jpg,1
1126,cats_dogs/train/cats/cat.75.jpg,0
1127,cats_dogs/train/cats/cat.604.jpg,0
1128,cats_dogs/train/dogs/dog.209.jpg,1
1129,cats_dogs/train/cats/cat.872.jpg,0
1130,cats_dogs/train/dogs/dog.170.jpg,1
1131,cats_dogs/train/dogs/dog.609.jpg,1
1132,cats_dogs/train/dogs/dog.734.jpg,1
1133,cats_dogs/train/cats/cat.147.jpg,0
1134,cats_dogs/train/cats/cat.382.jpg,0
1135,cats_dogs/train/cats/cat.719.jpg,0
1136,cats_dogs/train/dogs/dog.106.jpg,1
1137,cats_dogs/train/dogs/dog.160.jpg,1
1138,cats_dogs/train/cats/cat.189.jpg,0
1139,cats_dogs/train/dogs/dog.687.jpg,1
1140,cats_dogs/train/cats/cat.531.jpg,0
1141,cats_dogs/train/cats/cat.469.jpg,0
1142,cats_dogs/train/dogs/dog.223.jpg,1
1143,cats_dogs/train/cats/cat.925.jpg,0
1144,cats_dogs/train/dogs/dog.500.jpg,1
1145,cats_dogs/train/dogs/dog.544.jpg,1
1146,cats_dogs/train/dogs/dog.351.jpg,1
1147,cats_dogs/train/cats/cat.829.jpg,0
1148,cats_dogs/train/cats/cat.283.jpg,0
1149,cats_dogs/train/dogs/dog.692.jpg,1
1150,cats_dogs/train/cats/cat.657.jpg,0
1151,cats_dogs/train/dogs/dog.238.jpg,1
1152,cats_dogs/train/dogs/dog.590.jpg,1
1153,cats_dogs/train/dogs/dog.970.jpg,1
1154,cats_dogs/train/dogs/dog.381.jpg,1
1155,cats_dogs/train/dogs/dog.259.jpg,1
1156,cats_dogs/train/dogs/dog.523.jpg,1
1157,cats_dogs/train/dogs/dog.146.jpg,1
1158,cats_dogs/train/cats/cat.55.jpg,0
1159,cats_dogs/train/dogs/dog.474.jpg,1
1160,cats_dogs/train/dogs/dog.997.jpg,1
1161,cats_dogs/train/dogs/dog.180.jpg,1
1162,cats_dogs/train/cats/cat.576.jpg,0
1163,cats_dogs/train/cats/cat.689.jpg,0
1164,cats_dogs/train/dogs/dog.455.jpg,1
1165,cats_dogs/train/cats/cat.551.jpg,0
1166,cats_dogs/train/cats/cat.439.jpg,0
1167,cats_dogs/train/cats/cat.392.jpg,0
1168,cats_dogs/train/dogs/dog.906.jpg,1
1169,cats_dogs/train/cats/cat.459.jpg,0
1170,cats_dogs/train/cats/cat.83.jpg,0
1171,cats_dogs/train/cats/cat.718.jpg,0
1172,cats_dogs/train/cats/cat.312.jpg,0
1173,cats_dogs/train/cats/cat.581.jpg,0
1174,cats_dogs/train/cats/cat.620.jpg,0
1175,cats_dogs/train/cats/cat.167.jpg,0
1176,cats_dogs/train/cats/cat.185.jpg,0
1177,cats_dogs/train/cats/cat.895.jpg,0
1178,cats_dogs/train/cats/cat.638.jpg,0
1179,cats_dogs/train/cats/cat.371.jpg,0
1180,cats_dogs/train/dogs/dog.480.jpg,1
1181,cats_dogs/train/cats/cat.631.jpg,0
1182,cats_dogs/train/cats/cat.570.jpg,0
1183,cats_dogs/train/dogs/dog.574.jpg,1
1184,cats_dogs/train/cats/cat.423.jpg,0
1185,cats_dogs/train/cats/cat.292.jpg,0
1186,cats_dogs/train/cats/cat.186.jpg,0
1187,cats_dogs/train/cats/cat.558.jpg,0
1188,cats_dogs/train/cats/cat.141.jpg,0
1189,cats_dogs/train/dogs/dog.748.jpg,1
1190,cats_dogs/train/dogs/dog.507.jpg,1
1191,cats_dogs/train/cats/cat.800.jpg,0
1192,cats_dogs/train/cats/cat.590.jpg,0
1193,cats_dogs/train/dogs/dog.557.jpg,1
1194,cats_dogs/train/dogs/dog.971.jpg,1
1195,cats_dogs/train/dogs/dog.758.jpg,1
1196,cats_dogs/train/dogs/dog.762.jpg,1
1197,cats_dogs/train/dogs/dog.698.jpg,1
1198,cats_dogs/train/cats/cat.10.jpg,0
1199,cats_dogs/train/dogs/dog.980.jpg,1
1200,cats_dogs/train/dogs/dog.869.jpg,1
1201,cats_dogs/train/dogs/dog.524.jpg,1
1202,cats_dogs/train/dogs/dog.976.jpg,1
1203,cats_dogs/train/cats/cat.30.jpg,0
1204,cats_dogs/train/dogs/dog.349.jpg,1
1205,cats_dogs/train/dogs/dog.267.jpg,1
1206,cats_dogs/train/cats/cat.888.jpg,0
1207,cats_dogs/train/dogs/dog.174.jpg,1
1208,cats_dogs/train/cats/cat.751.jpg,0
1209,cats_dogs/train/dogs/dog.827.jpg,1
1210,cats_dogs/train/cats/cat.262.jpg,0
1211,cats_dogs/train/cats/cat.544.jpg,0
1212,cats_dogs/train/cats/cat.98.jpg,0
1213,cats_dogs/train/dogs/dog.369.jpg,1
1214,cats_dogs/train/dogs/dog.328.jpg,1
1215,cats_dogs/train/cats/cat.298.jpg,0
1216,cats_dogs/train/dogs/dog.479.jpg,1
1217,cats_dogs/train/cats/cat.274.jpg,0
1218,cats_dogs/train/cats/cat.25.jpg,0
1219,cats_dogs/train/dogs/dog.228.jpg,1
1220,cats_dogs/train/dogs/dog.97.jpg,1
1221,cats_dogs/train/cats/cat.38.jpg,0
1222,cats_dogs/train/cats/cat.640.jpg,0
1223,cats_dogs/train/dogs/dog.489.jpg,1
1224,cats_dogs/train/dogs/dog.527.jpg,1
1225,cats_dogs/train/cats/cat.99.jpg,0
1226,cats_dogs/train/dogs/dog.879.jpg,1
1227,cats_dogs/train/cats/cat.464.jpg,0
1228,cats_dogs/train/cats/cat.781.jpg,0
1229,cats_dogs/train/cats/cat.584.jpg,0
1230,cats_dogs/train/dogs/dog.813.jpg,1
1231,cats_dogs/train/cats/cat.499.jpg,0
1232,cats_dogs/train/cats/cat.585.jpg,0
1233,cats_dogs/train/dogs/dog.314.jpg,1
1234,cats_dogs/train/cats/cat.425.jpg,0
1235,cats_dogs/train/cats/cat.803.jpg,0
1236,cats_dogs/train/cats/cat.881.jpg,0
1237,cats_dogs/train/cats/cat.419.jpg,0
1238,cats_dogs/train/cats/cat.854.jpg,0
1239,cats_dogs/train/dogs/dog.37.jpg,1
1240,cats_dogs/train/cats/cat.886.jpg,0
1241,cats_dogs/train/dogs/dog.890.jpg,1
1242,cats_dogs/train/cats/cat.341.jpg,0
1243,cats_dogs/train/cats/cat.532.jpg,0
1244,cats_dogs/train/dogs/dog.899.jpg,1
1245,cats_dogs/train/cats/cat.89.jpg,0
1246,cats_dogs/train/cats/cat.266.jpg,0
1247,cats_dogs/train/dogs/dog.503.jpg,1
1248,cats_dogs/train/dogs/dog.751.jpg,1
1249,cats_dogs/train/dogs/dog.839.jpg,1
1250,cats_dogs/train/dogs/dog.841.jpg,1
1251,cats_dogs/train/cats/cat.519.jpg,0
1252,cats_dogs/train/dogs/dog.910.jpg,1
1253,cats_dogs/train/dogs/dog.210.jpg,1
1254,cats_dogs/train/cats/cat.739.jpg,0
1255,cats_dogs/train/dogs/dog.620.jpg,1
1256,cats_dogs/train/cats/cat.941.jpg,0
1257,cats_dogs/train/dogs/dog.78.jpg,1
1258,cats_dogs/train/dogs/dog.688.jpg,1
1259,cats_dogs/train/dogs/dog.150.jpg,1
1260,cats_dogs/train/dogs/dog.667.jpg,1
1261,cats_dogs/train/dogs/dog.602.jpg,1
1262,cats_dogs/train/dogs/dog.102.jpg,1
1263,cats_dogs/train/dogs/dog.29.jpg,1
1264,cats_dogs/train/dogs/dog.581.jpg,1
1265,cats_dogs/train/cats/cat.152.jpg,0
1266,cats_dogs/train/dogs/dog.772.jpg,1
1267,cats_dogs/train/dogs/dog.633.jpg,1
1268,cats_dogs/train/cats/cat.179.jpg,0
1269,cats_dogs/train/dogs/dog.262.jpg,1
1270,cats_dogs/train/cats/cat.446.jpg,0
1271,cats_dogs/train/dogs/dog.445.jpg,1
1272,cats_dogs/train/cats/cat.978.jpg,0
1273,cats_dogs/train/dogs/dog.258.jpg,1
1274,cats_dogs/train/cats/cat.932.jpg,0
1275,cats_dogs/train/cats/cat.793.jpg,0
1276,cats_dogs/train/cats/cat.682.jpg,0
1277,cats_dogs/train/dogs/dog.645.jpg,1
1278,cats_dogs/train/cats/cat.230.jpg,0
1279,cats_dogs/train/cats/cat.255.jpg,0
1280,cats_dogs/train/cats/cat.808.jpg,0
1281,cats_dogs/train/dogs/dog.359.jpg,1
1282,cats_dogs/train/cats/cat.343.jpg,0
1283,cats_dogs/train/dogs/dog.783.jpg,1
1284,cats_dogs/train/dogs/dog.312.jpg,1
1285,cats_dogs/train/dogs/dog.31.jpg,1
1286,cats_dogs/train/dogs/dog.434.jpg,1
1287,cats_dogs/train/cats/cat.195.jpg,0
1288,cats_dogs/train/dogs/dog.148.jpg,1
1289,cats_dogs/train/cats/cat.198.jpg,0
1290,cats_dogs/train/cats/cat.222.jpg,0
1291,cats_dogs/train/cats/cat.880.jpg,0
1292,cats_dogs/train/dogs/dog.789.jpg,1
1293,cats_dogs/train/cats/cat.238.jpg,0
1294,cats_dogs/train/dogs/dog.20.jpg,1
1295,cats_dogs/train/dogs/dog.797.jpg,1
1296,cats_dogs/train/dogs/dog.975.jpg,1
1297,cats_dogs/train/cats/cat.160.jpg,0
1298,cats_dogs/train/cats/cat.997.jpg,0
1299,cats_dogs/train/cats/cat.212.jpg,0
1300,cats_dogs/train/cats/cat.308.jpg,0
1301,cats_dogs/train/dogs/dog.753.jpg,1
1302,cats_dogs/train/cats/cat.379.jpg,0
1303,cats_dogs/train/cats/cat.748.jpg,0
1304,cats_dogs/train/cats/cat.246.jpg,0
1305,cats_dogs/train/cats/cat.894.jpg,0
1306,cats_dogs/train/dogs/dog.838.jpg,1
1307,cats_dogs/train/cats/cat.572.jpg,0
1308,cats_dogs/train/dogs/dog.443.jpg,1
1309,cats_dogs/train/cats/cat.642.jpg,0
1310,cats_dogs/train/cats/cat.457.jpg,0
1311,cats_dogs/train/cats/cat.763.jpg,0
1312,cats_dogs/train/dogs/dog.859.jpg,1
1313,cats_dogs/train/dogs/dog.133.jpg,1
1314,cats_dogs/train/cats/cat.8.jpg,0
1315,cats_dogs/train/dogs/dog.404.jpg,1
1316,cats_dogs/train/cats/cat.567.jpg,0
1317,cats_dogs/train/cats/cat.807.jpg,0
1318,cats_dogs/train/cats/cat.508.jpg,0
1319,cats_dogs/train/cats/cat.586.jpg,0
1320,cats_dogs/train/dogs/dog.488.jpg,1
1321,cats_dogs/train/dogs/dog.215.jpg,1
1322,cats_dogs/train/dogs/dog.103.jpg,1
1323,cats_dogs/train/dogs/dog.847.jpg,1
1324,cats_dogs/train/dogs/dog.936.jpg,1
1325,cats_dogs/train/dogs/dog.299.jpg,1
1326,cats_dogs/train/dogs/dog.591.jpg,1
1327,cats_dogs/train/dogs/dog.458.jpg,1
1328,cats_dogs/train/cats/cat.575.jpg,0
1329,cats_dogs/train/dogs/dog.942.jpg,1
1330,cats_dogs/train/cats/cat.474.jpg,0
1331,cats_dogs/train/dogs/dog.264.jpg,1
1332,cats_dogs/train/cats/cat.229.jpg,0
1333,cats_dogs/train/dogs/dog.85.jpg,1
1334,cats_dogs/train/dogs/dog.107.jpg,1
1335,cats_dogs/train/dogs/dog.132.jpg,1
1336,cats_dogs/train/dogs/dog.636.jpg,1
1337,cats_dogs/train/cats/cat.431.jpg,0
1338,cats_dogs/train/dogs/dog.430.jpg,1
1339,cats_dogs/train/cats/cat.903.jpg,0
1340,cats_dogs/train/cats/cat.892.jpg,0
1341,cats_dogs/train/cats/cat.422.jpg,0
1342,cats_dogs/train/cats/cat.529.jpg,0
1343,cats_dogs/train/cats/cat.126.jpg,0
1344,cats_dogs/train/cats/cat.306.jpg,0
1345,cats_dogs/train/dogs/dog.885.jpg,1
1346,cats_dogs/train/dogs/dog.145.jpg,1
1347,cats_dogs/train/dogs/dog.854.jpg,1
1348,cats_dogs/train/cats/cat.674.jpg,0
1349,cats_dogs/train/dogs/dog.304.jpg,1
1350,cats_dogs/train/cats/cat.908.jpg,0
1351,cats_dogs/train/dogs/dog.771.jpg,1
1352,cats_dogs/train/cats/cat.897.jpg,0
1353,cats_dogs/train/dogs/dog.796.jpg,1
1354,cats_dogs/train/cats/cat.375.jpg,0
1355,cats_dogs/train/dogs/dog.784.jpg,1
1356,cats_dogs/train/cats/cat.48.jpg,0
1357,cats_dogs/train/cats/cat.621.jpg,0
1358,cats_dogs/train/dogs/dog.530.jpg,1
1359,cats_dogs/train/dogs/dog.654.jpg,1
1360,cats_dogs/train/cats/cat.998.jpg,0
1361,cats_dogs/train/cats/cat.275.jpg,0
1362,cats_dogs/train/dogs/dog.792.jpg,1
1363,cats_dogs/train/cats/cat.144.jpg,0
1364,cats_dogs/train/cats/cat.78.jpg,0
1365,cats_dogs/train/dogs/dog.178.jpg,1
1366,cats_dogs/train/dogs/dog.419.jpg,1
1367,cats_dogs/train/cats/cat.535.jpg,0
1368,cats_dogs/train/cats/cat.434.jpg,0
1369,cats_dogs/train/cats/cat.870.jpg,0
1370,cats_dogs/train/cats/cat.443.jpg,0
1371,cats_dogs/train/cats/cat.159.jpg,0
1372,cats_dogs/train/cats/cat.102.jpg,0
1373,cats_dogs/train/cats/cat.873.jpg,0
1374,cats_dogs/train/dogs/dog.339.jpg,1
1375,cats_dogs/train/dogs/dog.556.jpg,1
1376,cats_dogs/train/cats/cat.372.jpg,0
1377,cats_dogs/train/cats/cat.328.jpg,0
1378,cats_dogs/train/cats/cat.282.jpg,0
1379,cats_dogs/train/cats/cat.413.jpg,0
1380,cats_dogs/train/dogs/dog.536.jpg,1
1381,cats_dogs/train/dogs/dog.963.jpg,1
1382,cats_dogs/train/dogs/dog.596.jpg,1
1383,cats_dogs/train/dogs/dog.477.jpg,1
1384,cats_dogs/train/dogs/dog.334.jpg,1
1385,cats_dogs/train/cats/cat.622.jpg,0
1386,cats_dogs/train/dogs/dog.588.jpg,1
1387,cats_dogs/train/cats/cat.914.jpg,0
1388,cats_dogs/train/dogs/dog.742.jpg,1
1389,cats_dogs/train/cats/cat.568.jpg,0
1390,cats_dogs/train/dogs/dog.862.jpg,1
1391,cats_dogs/train/cats/cat.664.jpg,0
1392,cats_dogs/train/cats/cat.140.jpg,0
1393,cats_dogs/train/cats/cat.56.jpg,0
1394,cats_dogs/train/dogs/dog.260.jpg,1
1395,cats_dogs/train/dogs/dog.585.jpg,1
1396,cats_dogs/train/cats/cat.290.jpg,0
1397,cats_dogs/train/cats/cat.92.jpg,0
1398,cats_dogs/train/cats/cat.116.jpg,0
1399,cats_dogs/train/cats/cat.44.jpg,0
1400,cats_dogs/train/dogs/dog.571.jpg,1
1401,cats_dogs/train/dogs/dog.278.jpg,1
1402,cats_dogs/train/dogs/dog.109.jpg,1
1403,cats_dogs/train/cats/cat.27.jpg,0
1404,cats_dogs/train/cats/cat.676.jpg,0
1405,cats_dogs/train/cats/cat.190.jpg,0
1406,cats_dogs/train/dogs/dog.744.jpg,1
1407,cats_dogs/train/dogs/dog.345.jpg,1
1408,cats_dogs/train/dogs/dog.438.jpg,1
1409,cats_dogs/train/cats/cat.404.jpg,0
1410,cats_dogs/train/dogs/dog.534.jpg,1
1411,cats_dogs/train/cats/cat.125.jpg,0
1412,cats_dogs/train/cats/cat.374.jpg,0
1413,cats_dogs/train/dogs/dog.186.jpg,1
1414,cats_dogs/train/cats/cat.889.jpg,0
1415,cats_dogs/train/cats/cat.399.jpg,0
1416,cats_dogs/train/dogs/dog.675.jpg,1
1417,cats_dogs/train/cats/cat.327.jpg,0
1418,cats_dogs/train/dogs/dog.940.jpg,1
1419,cats_dogs/train/cats/cat.885.jpg,0
1420,cats_dogs/train/dogs/dog.561.jpg,1
1421,cats_dogs/train/cats/cat.683.jpg,0
1422,cats_dogs/train/dogs/dog.814.jpg,1
1423,cats_dogs/train/cats/cat.91.jpg,0
1424,cats_dogs/train/cats/cat.311.jpg,0
1425,cats_dogs/train/dogs/dog.893.jpg,1
1426,cats_dogs/train/cats/cat.492.jpg,0
1427,cats_dogs/train/cats/cat.896.jpg,0
1428,cats_dogs/train/cats/cat.983.jpg,0
1429,cats_dogs/train/cats/cat.137.jpg,0
1430,cats_dogs/train/cats/cat.65.jpg,0
1431,cats_dogs/train/dogs/dog.678.jpg,1
1432,cats_dogs/train/dogs/dog.794.jpg,1
1433,cats_dogs/train/cats/cat.251.jpg,0
1434,cats_dogs/train/cats/cat.613.jpg,0
1435,cats_dogs/train/dogs/dog.835.jpg,1
1436,cats_dogs/train/dogs/dog.526.jpg,1
1437,cats_dogs/train/dogs/dog.767.jpg,1
1438,cats_dogs/train/cats/cat.592.jpg,0
1439,cats_dogs/train/cats/cat.281.jpg,0
1440,cats_dogs/train/cats/cat.245.jpg,0
1441,cats_dogs/train/dogs/dog.383.jpg,1
1442,cats_dogs/train/dogs/dog.699.jpg,1
1443,cats_dogs/train/cats/cat.578.jpg,0
1444,cats_dogs/train/dogs/dog.587.jpg,1
1445,cats_dogs/train/dogs/dog.855.jpg,1
1446,cats_dogs/train/dogs/dog.773.jpg,1
1447,cats_dogs/train/cats/cat.220.jpg,0
1448,cats_dogs/train/dogs/dog.104.jpg,1
1449,cats_dogs/train/cats/cat.879.jpg,0
1450,cats_dogs/train/dogs/dog.64.jpg,1
1451,cats_dogs/train/dogs/dog.828.jpg,1
1452,cats_dogs/train/dogs/dog.467.jpg,1
1453,cats_dogs/train/dogs/dog.865.jpg,1
1454,cats_dogs/train/dogs/dog.252.jpg,1
1455,cats_dogs/train/dogs/dog.935.jpg,1
1456,cats_dogs/train/dogs/dog.251.jpg,1
1457,cats_dogs/train/cats/cat.959.jpg,0
1458,cats_dogs/train/dogs/dog.96.jpg,1
1459,cats_dogs/train/cats/cat.161.jpg,0
1460,cats_dogs/train/dogs/dog.894.jpg,1
1461,cats_dogs/train/cats/cat.249.jpg,0
1462,cats_dogs/train/cats/cat.838.jpg,0
1463,cats_dogs/train/cats/cat.678.jpg,0
1464,cats_dogs/train/cats/cat.662.jpg,0
1465,cats_dogs/train/cats/cat.23.jpg,0
1466,cats_dogs/train/cats/cat.985.jpg,0
1467,cats_dogs/train/cats/cat.911.jpg,0
1468,cats_dogs/train/dogs/dog.440.jpg,1
1469,cats_dogs/train/dogs/dog.213.jpg,1
1470,cats_dogs/train/dogs/dog.372.jpg,1
1471,cats_dogs/train/dogs/dog.439.jpg,1
1472,cats_dogs/train/cats/cat.632.jpg,0
1473,cats_dogs/train/dogs/dog.765.jpg,1
1474,cats_dogs/train/dogs/dog.537.jpg,1
1475,cats_dogs/train/dogs/dog.358.jpg,1
1476,cats_dogs/train/dogs/dog.660.jpg,1
1477,cats_dogs/train/cats/cat.675.jpg,0
1478,cats_dogs/train/dogs/dog.277.jpg,1
1479,cats_dogs/train/cats/cat.452.jpg,0
1480,cats_dogs/train/cats/cat.265.jpg,0
1481,cats_dogs/train/dogs/dog.651.jpg,1
1482,cats_dogs/train/dogs/dog.137.jpg,1
1483,cats_dogs/train/dogs/dog.311.jpg,1
1484,cats_dogs/train/cats/cat.612.jpg,0
1485,cats_dogs/train/cats/cat.411.jpg,0
1486,cats_dogs/train/dogs/dog.664.jpg,1
1487,cats_dogs/train/dogs/dog.303.jpg,1
1488,cats_dogs/train/cats/cat.192.jpg,0
1489,cats_dogs/train/dogs/dog.643.jpg,1
1490,cats_dogs/train/dogs/dog.648.jpg,1
1491,cats_dogs/train/dogs/dog.469.jpg,1
1492,cats_dogs/train/dogs/dog.184.jpg,1
1493,cats_dogs/train/dogs/dog.283.jpg,1
1494,cats_dogs/train/dogs/dog.263.jpg,1
1495,cats_dogs/train/cats/cat.80.jpg,0
1496,cats_dogs/train/dogs/dog.214.jpg,1
1497,cats_dogs/train/dogs/dog.409.jpg,1
1498,cats_dogs/train/dogs/dog.336.jpg,1
1499,cats_dogs/train/cats/cat.847.jpg,0
1500,cats_dogs/train/dogs/dog.501.jpg,1
1501,cats_dogs/train/cats/cat.550.jpg,0
1502,cats_dogs/train/cats/cat.436.jpg,0
1503,cats_dogs/train/dogs/dog.578.jpg,1
1504,cats_dogs/train/cats/cat.909.jpg,0
1505,cats_dogs/train/dogs/dog.757.jpg,1
1506,cats_dogs/train/cats/cat.387.jpg,0
1507,cats_dogs/train/dogs/dog.21.jpg,1
1508,cats_dogs/train/cats/cat.833.jpg,0
1509,cats_dogs/train/dogs/dog.860.jpg,1
1510,cats_dogs/train/cats/cat.380.jpg,0
1511,cats_dogs/train/cats/cat.759.jpg,0
1512,cats_dogs/train/cats/cat.472.jpg,0
1513,cats_dogs/train/cats/cat.530.jpg,0
1514,cats_dogs/train/cats/cat.617.jpg,0
1515,cats_dogs/train/cats/cat.539.jpg,0
1516,cats_dogs/train/cats/cat.433.jpg,0
1517,cats_dogs/train/cats/cat.420.jpg,0
1518,cats_dogs/train/dogs/dog.115.jpg,1
1519,cats_dogs/train/cats/cat.938.jpg,0
1520,cats_dogs/train/dogs/dog.456.jpg,1
1521,cats_dogs/train/cats/cat.164.jpg,0
1522,cats_dogs/train/dogs/dog.135.jpg,1
1523,cats_dogs/train/dogs/dog.658.jpg,1
1524,cats_dogs/train/cats/cat.760.jpg,0
1525,cats_dogs/train/cats/cat.299.jpg,0
1526,cats_dogs/train/cats/cat.403.jpg,0
1527,cats_dogs/train/cats/cat.811.jpg,0
1528,cats_dogs/train/cats/cat.736.jpg,0
1529,cats_dogs/train/dogs/dog.607.jpg,1
1530,cats_dogs/train/cats/cat.541.jpg,0
1531,cats_dogs/train/dogs/dog.665.jpg,1
1532,cats_dogs/train/dogs/dog.41.jpg,1
1533,cats_dogs/train/cats/cat.543.jpg,0
1534,cats_dogs/train/cats/cat.742.jpg,0
1535,cats_dogs/train/dogs/dog.202.jpg,1
1536,cats_dogs/train/cats/cat.313.jpg,0
1537,cats_dogs/train/dogs/dog.159.jpg,1
1538,cats_dogs/train/dogs/dog.769.jpg,1
1539,cats_dogs/train/dogs/dog.931.jpg,1
1540,cats_dogs/train/cats/cat.233.jpg,0
1541,cats_dogs/train/cats/cat.345.jpg,0
1542,cats_dogs/train/cats/cat.992.jpg,0
1543,cats_dogs/train/dogs/dog.977.jpg,1
1544,cats_dogs/train/dogs/dog.49.jpg,1
1545,cats_dogs/train/cats/cat.915.jpg,0
1546,cats_dogs/train/dogs/dog.649.jpg,1
1547,cats_dogs/train/cats/cat.3.jpg,0
1548,cats_dogs/train/dogs/dog.285.jpg,1
1549,cats_dogs/train/cats/cat.177.jpg,0
1550,cats_dogs/train/cats/cat.197.jpg,0
1551,cats_dogs/train/dogs/dog.246.jpg,1
1552,cats_dogs/train/dogs/dog.786.jpg,1
1553,cats_dogs/train/cats/cat.988.jpg,0
1554,cats_dogs/train/dogs/dog.62.jpg,1
1555,cats_dogs/train/cats/cat.716.jpg,0
1556,cats_dogs/train/cats/cat.462.jpg,0
1557,cats_dogs/train/cats/cat.977.jpg,0
1558,cats_dogs/train/dogs/dog.446.jpg,1
1559,cats_dogs/train/dogs/dog.42.jpg,1
1560,cats_dogs/train/cats/cat.792.jpg,0
1561,cats_dogs/train/dogs/dog.309.jpg,1
1562,cats_dogs/train/cats/cat.976.jpg,0
1563,cats_dogs/train/dogs/dog.573.jpg,1
1564,cats_dogs/train/dogs/dog.693.jpg,1
1565,cats_dogs/train/cats/cat.279.jpg,0
1566,cats_dogs/train/dogs/dog.619.jpg,1
1567,cats_dogs/train/dogs/dog.937.jpg,1
1568,cats_dogs/train/dogs/dog.26.jpg,1
1569,cats_dogs/train/dogs/dog.682.jpg,1
1570,cats_dogs/train/cats/cat.76.jpg,0
1571,cats_dogs/train/cats/cat.517.jpg,0
1572,cats_dogs/train/dogs/dog.729.jpg,1
1573,cats_dogs/train/dogs/dog.171.jpg,1
1574,cats_dogs/train/dogs/dog.8.jpg,1
1575,cats_dogs/train/cats/cat.984.jpg,0
1576,cats_dogs/train/cats/cat.528.jpg,0
1577,cats_dogs/train/dogs/dog.313.jpg,1
1578,cats_dogs/train/cats/cat.756.jpg,0
1579,cats_dogs/train/cats/cat.366.jpg,0
1580,cats_dogs/train/cats/cat.489.jpg,0
1581,cats_dogs/train/dogs/dog.601.jpg,1
1582,cats_dogs/train/cats/cat.362.jpg,0
1583,cats_dogs/train/dogs/dog.198.jpg,1
1584,cats_dogs/train/dogs/dog.703.jpg,1
1585,cats_dogs/train/dogs/dog.275.jpg,1
1586,cats_dogs/train/cats/cat.122.jpg,0
1587,cats_dogs/train/cats/cat.438.jpg,0
1588,cats_dogs/train/dogs/dog.656.jpg,1
1589,cats_dogs/train/dogs/dog.208.jpg,1
1590,cats_dogs/train/dogs/dog.444.jpg,1
1591,cats_dogs/train/dogs/dog.720.jpg,1
1592,cats_dogs/train/cats/cat.435.jpg,0
1593,cats_dogs/train/dogs/dog.73.jpg,1
1594,cats_dogs/train/cats/cat.975.jpg,0
1595,cats_dogs/train/dogs/dog.840.jpg,1
1596,cats_dogs/train/cats/cat.899.jpg,0
1597,cats_dogs/train/dogs/dog.244.jpg,1
1598,cats_dogs/train/cats/cat.264.jpg,0
1599,cats_dogs/train/cats/cat.203.jpg,0
1600,cats_dogs/train/dogs/dog.811.jpg,1
1601,cats_dogs/train/cats/cat.714.jpg,0
1602,cats_dogs/train/dogs/dog.405.jpg,1
1603,cats_dogs/train/cats/cat.47.jpg,0
1604,cats_dogs/train/cats/cat.96.jpg,0
1605,cats_dogs/train/dogs/dog.810.jpg,1
1606,cats_dogs/train/dogs/dog.657.jpg,1
1607,cats_dogs/train/cats/cat.645.jpg,0
1608,cats_dogs/train/cats/cat.762.jpg,0
1609,cats_dogs/train/cats/cat.651.jpg,0
1610,cats_dogs/train/cats/cat.708.jpg,0
1611,cats_dogs/train/cats/cat.815.jpg,0
1612,cats_dogs/train/cats/cat.901.jpg,0
1613,cats_dogs/train/dogs/dog.974.jpg,1
1614,cats_dogs/train/dogs/dog.183.jpg,1
1615,cats_dogs/train/dogs/dog.538.jpg,1
1616,cats_dogs/train/dogs/dog.182.jpg,1
1617,cats_dogs/train/dogs/dog.50.jpg,1
1618,cats_dogs/train/dogs/dog.964.jpg,1
1619,cats_dogs/train/cats/cat.713.jpg,0
1620,cats_dogs/train/dogs/dog.924.jpg,1
1621,cats_dogs/train/cats/cat.693.jpg,0
1622,cats_dogs/train/cats/cat.142.jpg,0
1623,cats_dogs/train/dogs/dog.889.jpg,1
1624,cats_dogs/train/dogs/dog.905.jpg,1
1625,cats_dogs/train/cats/cat.706.jpg,0
1626,cats_dogs/train/cats/cat.218.jpg,0
1627,cats_dogs/train/cats/cat.666.jpg,0
1628,cats_dogs/train/dogs/dog.754.jpg,1
1629,cats_dogs/train/cats/cat.488.jpg,0
1630,cats_dogs/train/dogs/dog.961.jpg,1
1631,cats_dogs/train/dogs/dog.513.jpg,1
1632,cats_dogs/train/dogs/dog.569.jpg,1
1633,cats_dogs/train/dogs/dog.473.jpg,1
1634,cats_dogs/train/dogs/dog.945.jpg,1
1635,cats_dogs/train/dogs/dog.301.jpg,1
1636,cats_dogs/train/cats/cat.967.jpg,0
1637,cats_dogs/train/cats/cat.982.jpg,0
1638,cats_dogs/train/dogs/dog.270.jpg,1
1639,cats_dogs/train/dogs/dog.471.jpg,1
1640,cats_dogs/train/cats/cat.752.jpg,0
1641,cats_dogs/train/dogs/dog.495.jpg,1
1642,cats_dogs/train/cats/cat.37.jpg,0
1643,cats_dogs/train/cats/cat.687.jpg,0
1644,cats_dogs/train/dogs/dog.464.jpg,1
1645,cats_dogs/train/cats/cat.278.jpg,0
1646,cats_dogs/train/cats/cat.180.jpg,0
1647,cats_dogs/train/cats/cat.796.jpg,0
1648,cats_dogs/train/cats/cat.259.jpg,0
1649,cats_dogs/train/cats/cat.737.jpg,0
1650,cats_dogs/train/cats/cat.935.jpg,0
1651,cats_dogs/train/dogs/dog.399.jpg,1
1652,cats_dogs/train/dogs/dog.203.jpg,1
1653,cats_dogs/train/dogs/dog.241.jpg,1
1654,cats_dogs/train/dogs/dog.390.jpg,1
1655,cats_dogs/train/dogs/dog.521.jpg,1
1656,cats_dogs/train/dogs/dog.266.jpg,1
1657,cats_dogs/train/dogs/dog.401.jpg,1
1658,cats_dogs/train/cats/cat.303.jpg,0
1659,cats_dogs/train/dogs/dog.690.jpg,1
1660,cats_dogs/train/cats/cat.6.jpg,0
1661,cats_dogs/train/cats/cat.352.jpg,0
1662,cats_dogs/train/dogs/dog.181.jpg,1
1663,cats_dogs/train/dogs/dog.110.jpg,1
1664,cats_dogs/train/dogs/dog.65.jpg,1
1665,cats_dogs/train/dogs/dog.504.jpg,1
1666,cats_dogs/train/cats/cat.610.jpg,0
1667,cats_dogs/train/cats/cat.213.jpg,0
1668,cats_dogs/train/cats/cat.863.jpg,0
1669,cats_dogs/train/dogs/dog.873.jpg,1
1670,cats_dogs/train/dogs/dog.281.jpg,1
1671,cats_dogs/train/cats/cat.216.jpg,0
1672,cats_dogs/train/dogs/dog.493.jpg,1
1673,cats_dogs/train/cats/cat.536.jpg,0
1674,cats_dogs/train/cats/cat.618.jpg,0
1675,cats_dogs/train/cats/cat.211.jpg,0
1676,cats_dogs/train/dogs/dog.350.jpg,1
1677,cats_dogs/train/dogs/dog.694.jpg,1
1678,cats_dogs/train/cats/cat.560.jpg,0
1679,cats_dogs/train/cats/cat.257.jpg,0
1680,cats_dogs/train/cats/cat.754.jpg,0
1681,cats_dogs/train/cats/cat.733.jpg,0
1682,cats_dogs/train/cats/cat.432.jpg,0
1683,cats_dogs/train/dogs/dog.4.jpg,1
1684,cats_dogs/train/dogs/dog.562.jpg,1
1685,cats_dogs/train/cats/cat.665.jpg,0
1686,cats_dogs/train/cats/cat.130.jpg,0
1687,cats_dogs/train/cats/cat.735.jpg,0
1688,cats_dogs/train/cats/cat.916.jpg,0
1689,cats_dogs/train/cats/cat.314.jpg,0
1690,cats_dogs/train/cats/cat.671.jpg,0
1691,cats_dogs/train/cats/cat.710.jpg,0
1692,cats_dogs/train/cats/cat.615.jpg,0
1693,cats_dogs/train/cats/cat.340.jpg,0
1694,cats_dogs/train/dogs/dog.877.jpg,1
1695,cats_dogs/train/dogs/dog.245.jpg,1
1696,cats_dogs/train/cats/cat.356.jpg,0
1697,cats_dogs/train/dogs/dog.610.jpg,1
1698,cats_dogs/train/dogs/dog.239.jpg,1
1699,cats_dogs/train/cats/cat.286.jpg,0
1700,cats_dogs/train/dogs/dog.460.jpg,1
1701,cats_dogs/train/cats/cat.614.jpg,0
1702,cats_dogs/train/cats/cat.601.jpg,0
1703,cats_dogs/train/dogs/dog.989.jpg,1
1704,cats_dogs/train/cats/cat.972.jpg,0
1705,cats_dogs/train/cats/cat.490.jpg,0
1706,cats_dogs/train/cats/cat.370.jpg,0
1707,cats_dogs/train/dogs/dog.11.jpg,1
1708,cats_dogs/train/cats/cat.389.jpg,0
1709,cats_dogs/train/dogs/dog.364.jpg,1
1710,cats_dogs/train/cats/cat.456.jpg,0
1711,cats_dogs/train/dogs/dog.195.jpg,1
1712,cats_dogs/train/cats/cat.700.jpg,0
1713,cats_dogs/train/dogs/dog.683.jpg,1
1714,cats_dogs/train/cats/cat.69.jpg,0
1715,cats_dogs/train/dogs/dog.101.jpg,1
1716,cats_dogs/train/dogs/dog.584.jpg,1
1717,cats_dogs/train/dogs/dog.265.jpg,1
1718,cats_dogs/train/dogs/dog.424.jpg,1
1719,cats_dogs/train/dogs/dog.154.jpg,1
1720,cats_dogs/train/dogs/dog.763.jpg,1
1721,cats_dogs/train/cats/cat.39.jpg,0
1722,cats_dogs/train/cats/cat.429.jpg,0
1723,cats_dogs/train/dogs/dog.256.jpg,1
1724,cats_dogs/train/dogs/dog.802.jpg,1
1725,cats_dogs/train/cats/cat.193.jpg,0
1726,cats_dogs/train/cats/cat.958.jpg,0
1727,cats_dogs/train/dogs/dog.851.jpg,1
1728,cats_dogs/train/cats/cat.289.jpg,0
1729,cats_dogs/train/cats/cat.346.jpg,0
1730,cats_dogs/train/dogs/dog.969.jpg,1
1731,cats_dogs/train/cats/cat.996.jpg,0
1732,cats_dogs/train/dogs/dog.365.jpg,1
1733,cats_dogs/train/cats/cat.349.jpg,0
1734,cats_dogs/train/dogs/dog.632.jpg,1
1735,cats_dogs/train/cats/cat.77.jpg,0
1736,cats_dogs/train/dogs/dog.516.jpg,1
1737,cats_dogs/train/cats/cat.746.jpg,0
1738,cats_dogs/train/cats/cat.874.jpg,0
1739,cats_dogs/train/dogs/dog.217.jpg,1
1740,cats_dogs/train/dogs/dog.710.jpg,1
1741,cats_dogs/train/dogs/dog.850.jpg,1
1742,cats_dogs/train/dogs/dog.418.jpg,1
1743,cats_dogs/train/cats/cat.526.jpg,0
1744,cats_dogs/train/cats/cat.650.jpg,0
1745,cats_dogs/train/cats/cat.70.jpg,0
1746,cats_dogs/train/cats/cat.93.jpg,0
1747,cats_dogs/train/cats/cat.42.jpg,0
1748,cats_dogs/train/dogs/dog.856.jpg,1
1749,cats_dogs/train/cats/cat.29.jpg,0
1750,cats_dogs/train/cats/cat.402.jpg,0
1751,cats_dogs/train/dogs/dog.321.jpg,1
1752,cats_dogs/train/dogs/dog.105.jpg,1
1753,cats_dogs/train/cats/cat.821.jpg,0
1754,cats_dogs/train/dogs/dog.598.jpg,1
1755,cats_dogs/train/cats/cat.715.jpg,0
1756,cats_dogs/train/cats/cat.143.jpg,0
1757,cats_dogs/train/cats/cat.779.jpg,0
1758,cats_dogs/train/dogs/dog.344.jpg,1
1759,cats_dogs/train/cats/cat.787.jpg,0
1760,cats_dogs/train/cats/cat.960.jpg,0
1761,cats_dogs/train/cats/cat.106.jpg,0
1762,cats_dogs/train/cats/cat.964.jpg,0
1763,cats_dogs/train/cats/cat.820.jpg,0
1764,cats_dogs/train/dogs/dog.737.jpg,1
1765,cats_dogs/train/dogs/dog.724.jpg,1
1766,cats_dogs/train/cats/cat.623.jpg,0
1767,cats_dogs/train/cats/cat.219.jpg,0
1768,cats_dogs/train/cats/cat.547.jpg,0
1769,cats_dogs/train/cats/cat.593.jpg,0
1770,cats_dogs/train/dogs/dog.388.jpg,1
1771,cats_dogs/train/cats/cat.509.jpg,0
1772,cats_dogs/train/dogs/dog.71.jpg,1
1773,cats_dogs/train/cats/cat.812.jpg,0
1774,cats_dogs/train/dogs/dog.597.jpg,1
1775,cats_dogs/train/cats/cat.354.jpg,0
1776,cats_dogs/train/dogs/dog.478.jpg,1
1777,cats_dogs/train/cats/cat.169.jpg,0
1778,cats_dogs/train/dogs/dog.167.jpg,1
1779,cats_dogs/train/dogs/dog.861.jpg,1
1780,cats_dogs/train/cats/cat.113.jpg,0
1781,cats_dogs/train/dogs/dog.46.jpg,1
1782,cats_dogs/train/cats/cat.723.jpg,0
1783,cats_dogs/train/cats/cat.658.jpg,0
1784,cats_dogs/train/cats/cat.214.jpg,0
1785,cats_dogs/train/cats/cat.466.jpg,0
1786,cats_dogs/train/cats/cat.205.jpg,0
1787,cats_dogs/train/cats/cat.945.jpg,0
1788,cats_dogs/train/dogs/dog.795.jpg,1
1789,cats_dogs/train/dogs/dog.816.jpg,1
1790,cats_dogs/train/cats/cat.60.jpg,0
1791,cats_dogs/train/dogs/dog.787.jpg,1
1792,cats_dogs/train/cats/cat.476.jpg,0
1793,cats_dogs/train/dogs/dog.432.jpg,1
1794,cats_dogs/train/cats/cat.596.jpg,0
1795,cats_dogs/train/dogs/dog.759.jpg,1
1796,cats_dogs/train/cats/cat.981.jpg,0
1797,cats_dogs/train/dogs/dog.466.jpg,1
1798,cats_dogs/train/dogs/dog.212.jpg,1
1799,cats_dogs/train/dogs/dog.888.jpg,1
1800,cats_dogs/train/cats/cat.824.jpg,0
1801,cats_dogs/train/cats/cat.940.jpg,0
1802,cats_dogs/train/dogs/dog.12.jpg,1
1803,cats_dogs/train/dogs/dog.67.jpg,1
1804,cats_dogs/train/dogs/dog.966.jpg,1
1805,cats_dogs/train/cats/cat.852.jpg,0
1806,cats_dogs/train/cats/cat.426.jpg,0
1807,cats_dogs/train/cats/cat.776.jpg,0
1808,cats_dogs/train/cats/cat.396.jpg,0
1809,cats_dogs/train/cats/cat.502.jpg,0
1810,cats_dogs/train/dogs/dog.454.jpg,1
1811,cats_dogs/train/cats/cat.970.jpg,0
1812,cats_dogs/train/dogs/dog.237.jpg,1
1813,cats_dogs/train/cats/cat.636.jpg,0
1814,cats_dogs/train/cats/cat.602.jpg,0
1815,cats_dogs/train/cats/cat.248.jpg,0
1816,cats_dogs/train/dogs/dog.519.jpg,1
1817,cats_dogs/train/dogs/dog.138.jpg,1
1818,cats_dogs/train/cats/cat.240.jpg,0
1819,cats_dogs/train/dogs/dog.558.jpg,1
1820,cats_dogs/train/dogs/dog.875.jpg,1
1821,cats_dogs/train/dogs/dog.582.jpg,1
1822,cats_dogs/train/cats/cat.82.jpg,0
1823,cats_dogs/train/cats/cat.196.jpg,0
1824,cats_dogs/train/cats/cat.670.jpg,0
1825,cats_dogs/train/dogs/dog.108.jpg,1
1826,cats_dogs/train/dogs/dog.163.jpg,1
1827,cats_dogs/train/cats/cat.7.jpg,0
1828,cats_dogs/train/cats/cat.63.jpg,0
1829,cats_dogs/train/cats/cat.980.jpg,0
1830,cats_dogs/train/dogs/dog.22.jpg,1
1831,cats_dogs/train/cats/cat.332.jpg,0
1832,cats_dogs/train/cats/cat.117.jpg,0
1833,cats_dogs/train/cats/cat.556.jpg,0
1834,cats_dogs/train/dogs/dog.517.jpg,1
1835,cats_dogs/train/cats/cat.468.jpg,0
1836,cats_dogs/train/cats/cat.437.jpg,0
1837,cats_dogs/train/cats/cat.768.jpg,0
1838,cats_dogs/train/cats/cat.939.jpg,0
1839,cats_dogs/train/dogs/dog.939.jpg,1
1840,cats_dogs/train/dogs/dog.248.jpg,1
1841,cats_dogs/train/cats/cat.41.jpg,0
1842,cats_dogs/train/cats/cat.329.jpg,0
1843,cats_dogs/train/cats/cat.336.jpg,0
1844,cats_dogs/train/cats/cat.555.jpg,0
1845,cats_dogs/train/cats/cat.598.jpg,0
1846,cats_dogs/train/dogs/dog.490.jpg,1
1847,cats_dogs/train/dogs/dog.384.jpg,1
1848,cats_dogs/train/dogs/dog.80.jpg,1
1849,cats_dogs/train/cats/cat.731.jpg,0
1850,cats_dogs/train/dogs/dog.508.jpg,1
1851,cats_dogs/train/dogs/dog.441.jpg,1
1852,cats_dogs/train/dogs/dog.341.jpg,1
1853,cats_dogs/train/dogs/dog.177.jpg,1
1854,cats_dogs/train/cats/cat.335.jpg,0
1855,cats_dogs/train/dogs/dog.616.jpg,1
1856,cats_dogs/train/cats/cat.685.jpg,0
1857,cats_dogs/train/dogs/dog.45.jpg,1
1858,cats_dogs/train/dogs/dog.580.jpg,1
1859,cats_dogs/train/dogs/dog.546.jpg,1
1860,cats_dogs/train/dogs/dog.730.jpg,1
1861,cats_dogs/train/cats/cat.50.jpg,0
1862,cats_dogs/train/cats/cat.866.jpg,0
1863,cats_dogs/train/cats/cat.986.jpg,0
1864,cats_dogs/train/cats/cat.798.jpg,0
1865,cats_dogs/train/cats/cat.611.jpg,0
1866,cats_dogs/train/cats/cat.5.jpg,0
1867,cats_dogs/train/cats/cat.104.jpg,0
1868,cats_dogs/train/cats/cat.859.jpg,0
1869,cats_dogs/train/cats/cat.726.jpg,0
1870,cats_dogs/train/dogs/dog.673.jpg,1
1871,cats_dogs/train/cats/cat.85.jpg,0
1872,cats_dogs/train/cats/cat.740.jpg,0
1873,cats_dogs/train/dogs/dog.904.jpg,1
1874,cats_dogs/train/cats/cat.296.jpg,0
1875,cats_dogs/train/dogs/dog.567.jpg,1
1876,cats_dogs/train/cats/cat.554.jpg,0
1877,cats_dogs/train/dogs/dog.644.jpg,1
1878,cats_dogs/train/cats/cat.59.jpg,0
1879,cats_dogs/train/dogs/dog.406.jpg,1
1880,cats_dogs/train/cats/cat.931.jpg,0
1881,cats_dogs/train/cats/cat.753.jpg,0
1882,cats_dogs/train/dogs/dog.47.jpg,1
1883,cats_dogs/train/dogs/dog.700.jpg,1
1884,cats_dogs/train/dogs/dog.117.jpg,1
1885,cats_dogs/train/dogs/dog.90.jpg,1
1886,cats_dogs/train/dogs/dog.790.jpg,1
1887,cats_dogs/train/dogs/dog.36.jpg,1
1888,cats_dogs/train/cats/cat.921.jpg,0
1889,cats_dogs/train/cats/cat.239.jpg,0
1890,cats_dogs/train/dogs/dog.967.jpg,1
1891,cats_dogs/train/dogs/dog.152.jpg,1
1892,cats_dogs/train/dogs/dog.24.jpg,1
1893,cats_dogs/train/dogs/dog.740.jpg,1
1894,cats_dogs/train/cats/cat.390.jpg,0
1895,cats_dogs/train/cats/cat.236.jpg,0
1896,cats_dogs/train/dogs/dog.191.jpg,1
1897,cats_dogs/train/cats/cat.133.jpg,0
1898,cats_dogs/train/cats/cat.906.jpg,0
1899,cats_dogs/train/dogs/dog.711.jpg,1
1900,cats_dogs/train/cats/cat.487.jpg,0
1901,cats_dogs/train/cats/cat.603.jpg,0
1902,cats_dogs/train/dogs/dog.545.jpg,1
1903,cats_dogs/train/dogs/dog.374.jpg,1
1904,cats_dogs/train/dogs/dog.913.jpg,1
1905,cats_dogs/train/dogs/dog.391.jpg,1
1906,cats_dogs/train/dogs/dog.389.jpg,1
1907,cats_dogs/train/dogs/dog.74.jpg,1
1908,cats_dogs/train/dogs/dog.949.jpg,1
1909,cats_dogs/train/dogs/dog.371.jpg,1
1910,cats_dogs/train/dogs/dog.638.jpg,1
1911,cats_dogs/train/dogs/dog.955.jpg,1
1912,cats_dogs/train/cats/cat.703.jpg,0
1913,cats_dogs/train/cats/cat.473.jpg,0
1914,cats_dogs/train/dogs/dog.535.jpg,1
1915,cats_dogs/train/cats/cat.968.jpg,0
1916,cats_dogs/train/dogs/dog.66.jpg,1
1917,cats_dogs/train/cats/cat.783.jpg,0
1918,cats_dogs/train/dogs/dog.19.jpg,1
1919,cats_dogs/train/cats/cat.801.jpg,0
1920,cats_dogs/train/cats/cat.773.jpg,0
1921,cats_dogs/train/dogs/dog.164.jpg,1
1922,cats_dogs/train/cats/cat.691.jpg,0
1923,cats_dogs/train/cats/cat.9.jpg,0
1924,cats_dogs/train/dogs/dog.23.jpg,1
1925,cats_dogs/train/cats/cat.225.jpg,0
1926,cats_dogs/train/dogs/dog.491.jpg,1
1927,cats_dogs/train/dogs/dog.126.jpg,1
1928,cats_dogs/train/dogs/dog.592.jpg,1
1929,cats_dogs/train/cats/cat.228.jpg,0
1930,cats_dogs/train/cats/cat.989.jpg,0
1931,cats_dogs/train/cats/cat.450.jpg,0
1932,cats_dogs/train/dogs/dog.323.jpg,1
1933,cats_dogs/train/cats/cat.315.jpg,0
1934,cats_dogs/train/cats/cat.258.jpg,0
1935,cats_dogs/train/cats/cat.834.jpg,0
1936,cats_dogs/train/cats/cat.599.jpg,0
1937,cats_dogs/train/dogs/dog.849.jpg,1
1938,cats_dogs/train/dogs/dog.987.jpg,1
1939,cats_dogs/train/cats/cat.827.jpg,0
1940,cats_dogs/train/dogs/dog.95.jpg,1
1941,cats_dogs/train/cats/cat.979.jpg,0
1942,cats_dogs/train/dogs/dog.824.jpg,1
1943,cats_dogs/train/dogs/dog.330.jpg,1
1944,cats_dogs/train/dogs/dog.433.jpg,1
1945,cats_dogs/train/dogs/dog.499.jpg,1
1946,cats_dogs/train/dogs/dog.308.jpg,1
1947,cats_dogs/train/cats/cat.21.jpg,0
1948,cats_dogs/train/cats/cat.201.jpg,0
1949,cats_dogs/train/cats/cat.868.jpg,0
1950,cats_dogs/train/cats/cat.841.jpg,0
1951,cats_dogs/train/cats/cat.697.jpg,0
1952,cats_dogs/train/cats/cat.172.jpg,0
1953,cats_dogs/train/cats/cat.583.jpg,0
1954,cats_dogs/train/cats/cat.595.jpg,0
1955,cats_dogs/train/dogs/dog.373.jpg,1
1956,cats_dogs/train/dogs/dog.131.jpg,1
1957,cats_dogs/train/dogs/dog.510.jpg,1
1958,cats_dogs/train/dogs/dog.207.jpg,1
1959,cats_dogs/train/cats/cat.302.jpg,0
1960,cats_dogs/train/dogs/dog.420.jpg,1
1961,cats_dogs/train/dogs/dog.577.jpg,1
1962,cats_dogs/train/cats/cat.407.jpg,0
1963,cats_dogs/train/cats/cat.495.jpg,0
1964,cats_dogs/train/dogs/dog.920.jpg,1
1965,cats_dogs/train/dogs/dog.475.jpg,1
1966,cats_dogs/train/cats/cat.566.jpg,0
1967,cats_dogs/train/dogs/dog.818.jpg,1
1968,cats_dogs/train/cats/cat.695.jpg,0
1969,cats_dogs/train/dogs/dog.990.jpg,1
1970,cats_dogs/train/dogs/dog.917.jpg,1
1971,cats_dogs/train/cats/cat.297.jpg,0
1972,cats_dogs/train/cats/cat.234.jpg,0
1973,cats_dogs/train/cats/cat.819.jpg,0
1974,cats_dogs/train/cats/cat.639.jpg,0
1975,cats_dogs/train/dogs/dog.741.jpg,1
1976,cats_dogs/train/cats/cat.857.jpg,0
1977,cats_dogs/train/cats/cat.271.jpg,0
1978,cats_dogs/train/cats/cat.782.jpg,0
1979,cats_dogs/train/cats/cat.580.jpg,0
1980,cats_dogs/train/cats/cat.268.jpg,0
1981,cats_dogs/train/cats/cat.357.jpg,0
1982,cats_dogs/train/dogs/dog.852.jpg,1
1983,cats_dogs/train/dogs/dog.749.jpg,1
1984,cats_dogs/train/cats/cat.709.jpg,0
1985,cats_dogs/train/cats/cat.256.jpg,0
1986,cats_dogs/train/cats/cat.288.jpg,0
1987,cats_dogs/train/cats/cat.360.jpg,0
1988,cats_dogs/train/dogs/dog.367.jpg,1
1989,cats_dogs/train/dogs/dog.756.jpg,1
1990,cats_dogs/train/dogs/dog.604.jpg,1
1991,cats_dogs/train/dogs/dog.529.jpg,1
1992,cats_dogs/train/dogs/dog.911.jpg,1
1993,cats_dogs/train/cats/cat.493.jpg,0
1994,cats_dogs/train/dogs/dog.385.jpg,1
1995,cats_dogs/train/dogs/dog.603.jpg,1
1996,cats_dogs/train/dogs/dog.407.jpg,1
1997,cats_dogs/train/cats/cat.701.jpg,0
1998,cats_dogs/train/dogs/dog.55.jpg,1
1999,cats_dogs/train/cats/cat.969.jpg,0
2000,cats_dogs/train/cats/cat.477.jpg,0
